adtEndDd,adtFrDd,npayCd,npayDtlDivCd,npayDtlDivCdNm,npayKorNm,npayMdivCd,npayMdivCdNm,npaySdivCd,npaySdivCdNm,cmmtTxt
99991231,20241126,1010A,1010A,상급병실료,상급병실료,1010A,상급병실료,1010A,상급병실료,
99991231,20241126,ABZ010001,1010A010,1인실,상급병실료/1인실,1010A,상급병실료,1010A010,1인실,
99991231,20241126,ABZ020001,1010A020,2인실,상급병실료/2인실,1010A,상급병실료,1010A020,2인실,
99991231,20241126,ABZ030001,1010A030,3인실,상급병실료/3인실,1010A,상급병실료,1010A030,3인실,
99991231,20241126,ABZ040001,1010A040,4인실,상급병실료/4인실,1010A,상급병실료,1010A040,4인실,
99991231,20241126,ABZ050001,1010A050,5인실,상급병실료/5인실,1010A,상급병실료,1010A050,5인실,
99991231,20241126,1010B,1010B,교육상담료,교육상담료,1010B,교육상담료,1010B,교육상담료,
99991231,20241126,AZ0010000,1010B010,당뇨병교육,교육상담료/당뇨병교육,1010B,교육상담료,1010B010,당뇨병교육,
99991231,20241126,AZ0020000,1010B020,고혈압교육,교육상담료/고혈압교육,1010B,교육상담료,1010B020,고혈압교육,
99991231,20241126,AZ0070000,1010B030,치태조절교육,교육상담료/치태조절교육,1010B,교육상담료,1010B030,치태조절교육,
99991231,20241126,AZ0080000,1010B040,고지혈증교육,교육상담료/고지혈증교육,1010B,교육상담료,1010B040,고지혈증교육,
99991231,20241126,AZ0090000,1010B050,재생불량성빈혈교육,교육상담료/재생불량성빈혈교육,1010B,교육상담료,1010B050,재생불량성빈혈교육,
99991231,20241126,AZ0100000,1010B060,유전성대사장애질환교육,교육상담료/유전성대사장애질환교육,1010B,교육상담료,1010B060,유전성대사장애질환교육,
99991231,20241126,AZ0110000,1010B070,난치성뇌전증교육,교육상담료/난치성뇌전증교육,1010B,교육상담료,1010B070,난치성뇌전증교육,
99991231,20241126,1021Z,1021Z,검체검사료,검체검사료,1021Z,검체검사료,1021Z,검체검사료,
99991231,20241126,CZ1140000,1021Z010,호산구양이온단백농도측정검사,검체검사료/호산구양이온단백농도측정검사,1021Z,검체검사료,1021Z010,호산구양이온단백농도측정검사,
99991231,20241126,CY1530000,1021Z020,비타민 D1 [RIA법],검체검사료/비타민 D1 [RIA법],1021Z,검체검사료,1021Z020,비타민 D1 [RIA법],
99991231,20241126,CZ1960000,1021Z030,안드로스테네디온,검체검사료/안드로스테네디온,1021Z,검체검사료,1021Z030,안드로스테네디온,
99991231,20241126,CZ1990000,1021Z040,DHEA(Dehydroepiandrosterone),검체검사료/DHEA(Dehydroepiandrosterone),1021Z,검체검사료,1021Z040,DHEA(Dehydroepiandrosterone),
99991231,20241126,CZ2020000,1021Z050,성호르몬결합글로불린,검체검사료/성호르몬결합글로불린,1021Z,검체검사료,1021Z050,성호르몬결합글로불린,
99991231,20241126,CZ2460000,1021Z060,허혈성 변형 알부민 검사,검체검사료/허혈성 변형 알부민 검사,1021Z,검체검사료,1021Z060,허혈성 변형 알부민 검사,
99991231,20241126,CZ3940000,1021Z070,인플루엔자 A·B 바이러스항원검사[현장검사],검체검사료/인플루엔자 A·B 바이러스항원검사[현장검사],1021Z,검체검사료,1021Z070,인플루엔자 A·B 바이러스항원검사[현장검사],
99991231,20241126,D37300000,1021Z080,항뮬러관호르몬 [정밀면역검사],검체검사료/항뮬러관호르몬 [정밀면역검사],1021Z,검체검사료,1021Z080,항뮬러관호르몬 [정밀면역검사],
99991231,20241126,3Z2600001,1021Z090,비침습적 산전검사(NIPT),검체검사료/비침습적 산전검사(NIPT),1021Z,검체검사료,1021Z090,비침습적 산전검사(NIPT),
99991231,20250414,1021Z100,1021Z100,혈소판 응집능검사 [교류저항혈소판응집],검체검사료/혈소판 응집능검사 [교류저항혈소판응집],1021Z,검체검사료,1021Z100,혈소판 응집능검사 [교류저항혈소판응집],
99991231,20250414,BZ0780000,BZ0780000,TRAP,검체검사료/혈소판 응집능검사 [교류저항혈소판응집]/TRAP,1021Z,검체검사료,1021Z100,혈소판 응집능검사 [교류저항혈소판응집],
99991231,20250414,D66200000,1021Z110,SARS-CoV-2 항원검사 [일반면역검사]-간이검사,검체검사료/SARS-CoV-2 항원검사 [일반면역검사]-간이검사,1021Z,검체검사료,1021Z110,SARS-CoV-2 항원검사 [일반면역검사]-간이검사,
99991231,20250414,D66300000,1021Z120,인플루엔자 A·B 바이러스 항원과 SARS-CoV-2 항원 동시검사 [일반면역검사]-간이검사,검체검사료/인플루엔자 A·B 바이러스 항원과 SARS-CoV-2 항원 동시검사 [일반면역검사]-간이검사,1021Z,검체검사료,1021Z120,인플루엔자 A·B 바이러스 항원과 SARS-CoV-2 항원 동시검사 [일반면역검사]-간이검사,
99991231,20250414,1021Z130,1021Z130,인플루엔자 A·B 바이러스 항원과 SARS-CoV-2 항원 동시검사 [일반면역검사]-간이검사,검체검사료/인플루엔자 A·B 바이러스 항원과 SARS-CoV-2 항원 동시검사 [일반면역검사]-간이검사,1021Z,검체검사료,1021Z130,인플루엔자 A·B 바이러스 항원과 SARS-CoV-2 항원 동시검사 [일반면역검사]-간이검사,
99991231,20250414,D66310000,D66310000,장비를 이용하여 측정한 경우,검체검사료/인플루엔자 A·B 바이러스 항원과 SARS-CoV-2 항원 동시검사 [일반면역검사]-간이검사/장비를 이용하여 측정한 경우,1021Z,검체검사료,1021Z130,인플루엔자 A·B 바이러스 항원과 SARS-CoV-2 항원 동시검사 [일반면역검사]-간이검사,
99991231,20250414,CZ4220000,1021Z140,항신경핵항체 1형,검체검사료/항신경핵항체 1형,1021Z,검체검사료,1021Z140,항신경핵항체 1형,
99991231,20241126,1022Z,1022Z,병리검사료,병리검사료,1022Z,병리검사료,1022Z,병리검사료,
99991231,20241126,1022Z010,1022Z010,사람유전자 분자병리검사,병리검사료/사람유전자 분자병리검사,1022Z,병리검사료,1022Z010,사람유전자 분자병리검사,
99991231,20241126,CZ5840000,CZ5840000,비유전성 유전자검사-메틸화특이중합효소연쇄반응,병리검사료/사람유전자 분자병리검사/비유전성 유전자검사-메틸화특이중합효소연쇄반응,1022Z,병리검사료,1022Z010,사람유전자 분자병리검사,
99991231,20241126,1022Z020,1022Z020,기타검사,병리검사료/기타검사,1022Z,병리검사료,1022Z020,기타검사,
99991231,20241126,CZ9920000,CZ9920000,중합효소연쇄반응법-MRSA,병리검사료/기타검사/중합효소연쇄반응법-MRSA,1022Z,병리검사료,1022Z020,기타검사,
99991231,20250414,CZ9940000,CZ9940000,아데노바이러스 [실시간 중합효소연쇄반응],병리검사료/기타검사/아데노바이러스 [실시간 중합효소연쇄반응],1022Z,병리검사료,1022Z020,기타검사,
99991231,20250414,CZ9970000,CZ9970000,"파라인플루엔자바이러스 1,2,3 [실시간 중합효소연쇄반응]","병리검사료/기타검사/파라인플루엔자바이러스 1,2,3 [실시간 중합효소연쇄반응]",1022Z,병리검사료,1022Z020,기타검사,
99991231,20241126,CZ9980000,CZ9980000,메티실린내성 황색포도알균 유전자검사 [실시간 중합효소연쇄반응],병리검사료/기타검사/메티실린내성 황색포도알균 유전자검사 [실시간 중합효소연쇄반응],1022Z,병리검사료,1022Z020,기타검사,
99991231,20241126,1022Z030,1022Z030,세포병리검사,병리검사료/세포병리검사,1022Z,병리검사료,1022Z030,세포병리검사,
99991231,20241126,3Z2102201,3Z2102201,일반세포검사-자궁질 세포병리검사,병리검사료/세포병리검사/일반세포검사-자궁질 세포병리검사,1022Z,병리검사료,1022Z030,세포병리검사,
99991231,20241126,3Z2102202,3Z2102202,액상세포검사-자궁질 세포병리검사,병리검사료/세포병리검사/액상세포검사-자궁질 세포병리검사,1022Z,병리검사료,1022Z030,세포병리검사,
99991231,20241126,3Z2610000,1022Z040,양수염색체검사,병리검사료/양수염색체검사,1022Z,병리검사료,1022Z040,양수염색체검사,
99991231,20241126,1023A,1023A,기능 검사료(호흡기 기능검사),기능 검사료(호흡기 기능검사),1023A,기능 검사료(호흡기 기능검사),1023A,기능 검사료(호흡기 기능검사),
99991231,20241126,FZ6710000,1023A010,후각기능(인지 및 역치)검사,기능 검사료(호흡기 기능검사)/후각기능(인지 및 역치)검사,1023A,기능 검사료(호흡기 기능검사),1023A010,후각기능(인지 및 역치)검사,
99991231,20241126,FZ6720000,1023A020,호기 산화질소 측정,기능 검사료(호흡기 기능검사)/호기 산화질소 측정,1023A,기능 검사료(호흡기 기능검사),1023A020,호기 산화질소 측정,
99991231,20241126,1023B,1023B,기능 검사료(신경계 기능검사),기능 검사료(신경계 기능검사),1023B,기능 검사료(신경계 기능검사),1023B,기능 검사료(신경계 기능검사),
99991231,20241126,FZ6810000,1023B010,교감신경피부반응검사,기능 검사료(신경계 기능검사)/교감신경피부반응검사,1023B,기능 검사료(신경계 기능검사),1023B010,교감신경피부반응검사,
99991231,20241126,FZ6840000,1023B020,성기능장애평가,기능 검사료(신경계 기능검사)/성기능장애평가,1023B,기능 검사료(신경계 기능검사),1023B020,성기능장애평가,
99991231,20241126,FZ6850000,1023B030,섭식장애평가,기능 검사료(신경계 기능검사)/섭식장애평가,1023B,기능 검사료(신경계 기능검사),1023B030,섭식장애평가,
99991231,20241126,FZ6880000,1023B040,발음 및 발성검사,기능 검사료(신경계 기능검사)/발음 및 발성검사,1023B,기능 검사료(신경계 기능검사),1023B040,발음 및 발성검사,
99991231,20241126,FZ6890000,1023B050,언어전반진단검사,기능 검사료(신경계 기능검사)/언어전반진단검사,1023B,기능 검사료(신경계 기능검사),1023B050,언어전반진단검사,
99991231,20241126,FZ6900000,1023B060,주의력검사,기능 검사료(신경계 기능검사)/주의력검사,1023B,기능 검사료(신경계 기능검사),1023B060,주의력검사,
99991231,20241126,FZ6930000,1023B070,영유아발달검사(한국판덴버발달검사),기능 검사료(신경계 기능검사)/영유아발달검사(한국판덴버발달검사),1023B,기능 검사료(신경계 기능검사),1023B070,영유아발달검사(한국판덴버발달검사),
99991231,20241126,FZ6940000,1023B080,덴버발달검사,기능 검사료(신경계 기능검사)/덴버발달검사,1023B,기능 검사료(신경계 기능검사),1023B080,덴버발달검사,
99991231,20241126,FZ6960000,1023B090,뮌헨 유소아 기능발달검사,기능 검사료(신경계 기능검사)/뮌헨 유소아 기능발달검사,1023B,기능 검사료(신경계 기능검사),1023B090,뮌헨 유소아 기능발달검사,
99991231,20241126,FZ7000000,1023B100,수면리듬양상검사,기능 검사료(신경계 기능검사)/수면리듬양상검사,1023B,기능 검사료(신경계 기능검사),1023B100,수면리듬양상검사,
99991231,20241126,FZ7020000,1023B110,다중수면잠복기검사,기능 검사료(신경계 기능검사)/다중수면잠복기검사,1023B,기능 검사료(신경계 기능검사),1023B110,다중수면잠복기검사,
99991231,20241126,1023B120,1023B120,정량적감각기능검사,기능 검사료(신경계 기능검사)/정량적감각기능검사,1023B,기능 검사료(신경계 기능검사),1023B120,정량적감각기능검사,
99991231,20241126,FY8810000,FY8810000,진동역치,기능 검사료(신경계 기능검사)/정량적감각기능검사/진동역치,1023B,기능 검사료(신경계 기능검사),1023B120,정량적감각기능검사,
99991231,20241126,FY8820000,FY8820000,온도역치,기능 검사료(신경계 기능검사)/정량적감각기능검사/온도역치,1023B,기능 검사료(신경계 기능검사),1023B120,정량적감각기능검사,
99991231,20241126,FY8830000,FY8830000,전류인지역치,기능 검사료(신경계 기능검사)/정량적감각기능검사/전류인지역치,1023B,기능 검사료(신경계 기능검사),1023B120,정량적감각기능검사,
99991231,20241126,FY8840000,FY8840000,전류인지역치(통증역치검사),기능 검사료(신경계 기능검사)/정량적감각기능검사/전류인지역치(통증역치검사),1023B,기능 검사료(신경계 기능검사),1023B120,정량적감각기능검사,
99991231,20241126,1023B130,1023B130,자율신경계이상검사,기능 검사료(신경계 기능검사)/자율신경계이상검사,1023B,기능 검사료(신경계 기능검사),1023B130,자율신경계이상검사,
99991231,20241126,FY8910000,FY8910000,기립성혈압검사,기능 검사료(신경계 기능검사)/자율신경계이상검사/기립성혈압검사,1023B,기능 검사료(신경계 기능검사),1023B130,자율신경계이상검사,
99991231,20241126,FY8920000,FY8920000,발살바법,기능 검사료(신경계 기능검사)/자율신경계이상검사/발살바법,1023B,기능 검사료(신경계 기능검사),1023B130,자율신경계이상검사,
99991231,20241126,FY8930000,FY8930000,지속적 근긴장에 따른 혈압검사,기능 검사료(신경계 기능검사)/자율신경계이상검사/지속적 근긴장에 따른 혈압검사,1023B,기능 검사료(신경계 기능검사),1023B130,자율신경계이상검사,
99991231,20241126,FY8940000,FY8940000,심박변이도검사,기능 검사료(신경계 기능검사)/자율신경계이상검사/심박변이도검사,1023B,기능 검사료(신경계 기능검사),1023B130,자율신경계이상검사,
99991231,20241126,FY8950000,FY8950000,피부전도반응검사,기능 검사료(신경계 기능검사)/자율신경계이상검사/피부전도반응검사,1023B,기능 검사료(신경계 기능검사),1023B130,자율신경계이상검사,
99991231,20241126,1023B140,1023B140,증상 및 행동 평가척도,기능 검사료(신경계 기능검사)/증상 및 행동 평가척도,1023B,기능 검사료(신경계 기능검사),1023B140,증상 및 행동 평가척도,
99991231,20241126,FY7130000,FY7130000,우울척도[신경증우울평가],기능 검사료(신경계 기능검사)/증상 및 행동 평가척도/우울척도[신경증우울평가],1023B,기능 검사료(신경계 기능검사),1023B140,증상 및 행동 평가척도,
99991231,20241126,FY7370000,FY7370000,기타[이화방어기제검사],기능 검사료(신경계 기능검사)/증상 및 행동 평가척도/기타[이화방어기제검사],1023B,기능 검사료(신경계 기능검사),1023B140,증상 및 행동 평가척도,
99991231,20241126,FY7390000,FY7390000,기타[한국판성격평가척도(KPAI)],기능 검사료(신경계 기능검사)/증상 및 행동 평가척도/기타[한국판성격평가척도(KPAI)],1023B,기능 검사료(신경계 기능검사),1023B140,증상 및 행동 평가척도,
99991231,20241126,FZ7090000,1023B150,정량적 발한 축삭 반사검사,기능 검사료(신경계 기능검사)/정량적 발한 축삭 반사검사,1023B,기능 검사료(신경계 기능검사),1023B150,정량적 발한 축삭 반사검사,
99991231,20241126,FZ7100000,1023B160,미각검사[인지 및 역치검사],기능 검사료(신경계 기능검사)/미각검사[인지 및 역치검사],1023B,기능 검사료(신경계 기능검사),1023B160,미각검사[인지 및 역치검사],
99991231,20241126,FZ7140000,1023B170,초음파를 활용한 뇌혈류 기능검사,기능 검사료(신경계 기능검사)/초음파를 활용한 뇌혈류 기능검사,1023B,기능 검사료(신경계 기능검사),1023B170,초음파를 활용한 뇌혈류 기능검사,
99991231,20241126,1023C,1023C,기능 검사료(평형 및 청각 기능검사),기능 검사료(평형 및 청각 기능검사),1023C,기능 검사료(평형 및 청각 기능검사),1023C,기능 검사료(평형 및 청각 기능검사),
99991231,20241126,FZ7310000,1023C010,동적체평형검사,기능 검사료(평형 및 청각 기능검사)/동적체평형검사,1023C,기능 검사료(평형 및 청각 기능검사),1023C010,동적체평형검사,
99991231,20241126,FZ7320000,1023C020,회전검사,기능 검사료(평형 및 청각 기능검사)/회전검사,1023C,기능 검사료(평형 및 청각 기능검사),1023C020,회전검사,
99991231,20241126,FZ7330000,1023C030,비디오전기안진검사,기능 검사료(평형 및 청각 기능검사)/비디오전기안진검사,1023C,기능 검사료(평형 및 청각 기능검사),1023C030,비디오전기안진검사,
99991231,20241126,1023D,1023D,"기능 검사료(외피, 근골 기능 검사)","기능 검사료(외피, 근골 기능 검사)",1023D,"기능 검사료(외피, 근골 기능 검사)",1023D,"기능 검사료(외피, 근골 기능 검사)",
99991231,20241126,EZ7750000,1023D010,관절계를 이용한 무릎관절인대검사,"기능 검사료(외피, 근골 기능 검사)/관절계를 이용한 무릎관절인대검사",1023D,"기능 검사료(외피, 근골 기능 검사)",1023D010,관절계를 이용한 무릎관절인대검사,
99991231,20241126,1023D020,1023D020,체온열검사,"기능 검사료(외피, 근골 기능 검사)/체온열검사",1023D,"기능 검사료(외피, 근골 기능 검사)",1023D020,체온열검사,
99991231,20241126,EZ7760001,EZ7760001,전신,"기능 검사료(외피, 근골 기능 검사)/체온열검사/전신",1023D,"기능 검사료(외피, 근골 기능 검사)",1023D020,체온열검사,
99991231,20241126,EZ7760002,EZ7760002,부분,"기능 검사료(외피, 근골 기능 검사)/체온열검사/부분",1023D,"기능 검사료(외피, 근골 기능 검사)",1023D020,체온열검사,
99991231,20241126,EZ7770000,1023D030,동적 족저압측정,"기능 검사료(외피, 근골 기능 검사)/동적 족저압측정",1023D,"기능 검사료(외피, 근골 기능 검사)",1023D030,동적 족저압측정,
99991231,20250414,EZ7710000,1023D040,동작분석 에너지소모분석,"기능 검사료(외피, 근골 기능 검사)/동작분석 에너지소모분석",1023D,"기능 검사료(외피, 근골 기능 검사)",1023D040,동작분석 에너지소모분석,
99991231,20250414,EZ7720000,1023D050,동작분석 운동역학,"기능 검사료(외피, 근골 기능 검사)/동작분석 운동역학",1023D,"기능 검사료(외피, 근골 기능 검사)",1023D050,동작분석 운동역학,
99991231,20250414,EZ7730000,1023D060,동작분석 역동적근전도,"기능 검사료(외피, 근골 기능 검사)/동작분석 역동적근전도",1023D,"기능 검사료(외피, 근골 기능 검사)",1023D060,동작분석 역동적근전도,
99991231,20250414,EZ7740000,1023D070,동작분석(생역학검사),"기능 검사료(외피, 근골 기능 검사)/동작분석(생역학검사)",1023D,"기능 검사료(외피, 근골 기능 검사)",1023D070,동작분석(생역학검사),
99991231,20241126,1023E,1023E,기능 검사료(시기능검사),기능 검사료(시기능검사),1023E,기능 검사료(시기능검사),1023E,기능 검사료(시기능검사),
99991231,20241126,1023E010,1023E010,눈의 계측검사[편측],기능 검사료(시기능검사)/눈의 계측검사[편측],1023E,기능 검사료(시기능검사),1023E010,눈의 계측검사[편측],
99991231,20241126,E78000000,E78000000,초음파 이용,기능 검사료(시기능검사)/눈의 계측검사[편측]/초음파 이용,1023E,기능 검사료(시기능검사),1023E010,눈의 계측검사[편측],
99991231,20241126,E78010000,E78010000,레이저 간섭계 이용,기능 검사료(시기능검사)/눈의 계측검사[편측]/레이저 간섭계 이용,1023E,기능 검사료(시기능검사),1023E010,눈의 계측검사[편측],
99991231,20241126,EZ7960000,1023E020,안구광학단층촬영,기능 검사료(시기능검사)/안구광학단층촬영,1023E,기능 검사료(시기능검사),1023E020,안구광학단층촬영,
99991231,20250414,EX7950000,1023E030,샤임프러그 사진촬영 [편측][분석포함],기능 검사료(시기능검사)/샤임프러그 사진촬영 [편측][분석포함],1023E,기능 검사료(시기능검사),1023E030,샤임프러그 사진촬영 [편측][분석포함],
99991231,20250414,EZ7980000,1023E040,각막단층촬영,기능 검사료(시기능검사)/각막단층촬영,1023E,기능 검사료(시기능검사),1023E040,각막단층촬영,
99991231,20250414,EZ7990000,1023E050,간섭에 의한 눈물 지질층 두께 측정,기능 검사료(시기능검사)/간섭에 의한 눈물 지질층 두께 측정,1023E,기능 검사료(시기능검사),1023E050,간섭에 의한 눈물 지질층 두께 측정,
99991231,20241126,1023F,1023F,기능 검사료(소화기 기능 검사),기능 검사료(소화기 기능 검사),1023F,기능 검사료(소화기 기능 검사),1023F,기능 검사료(소화기 기능 검사),
99991231,20250414,EZ8280000,1023F020,락툴로스 수소호기검사,기능 검사료(소화기 기능 검사)/락툴로스 수소호기검사,1023F,기능 검사료(소화기 기능 검사),1023F020,락툴로스 수소호기검사,
99991231,20241126,EZ8290000,1023F010,간섬유화검사,기능 검사료(소화기 기능 검사)/간섬유화검사,1023F,기능 검사료(소화기 기능 검사),1023F010,간섬유화검사,
99991231,20241126,1023G,1023G,기능 검사료(알레르기 검사),기능 검사료(알레르기 검사),1023G,기능 검사료(알레르기 검사),1023G,기능 검사료(알레르기 검사),
99991231,20241126,EZ8470000,1023G010,주사제 약물 유발시험,기능 검사료(알레르기 검사)/주사제 약물 유발시험,1023G,기능 검사료(알레르기 검사),1023G010,주사제 약물 유발시험,
99991231,20241126,EZ8480000,1023G020,경구 음식물유발시험과 경구 약물유발시험검사,기능 검사료(알레르기 검사)/경구 음식물유발시험과 경구 약물유발시험검사,1023G,기능 검사료(알레르기 검사),1023G020,경구 음식물유발시험과 경구 약물유발시험검사,
99991231,20241126,1023H,1023H,기능 검사료(순환기 기능 검사),기능 검사료(순환기 기능 검사),1023H,기능 검사료(순환기 기능 검사),1023H,기능 검사료(순환기 기능 검사),
99991231,20241126,EZ8670000,1023H010,정맥역류검사,기능 검사료(순환기 기능 검사)/정맥역류검사,1023H,기능 검사료(순환기 기능 검사),1023H010,정맥역류검사,
99991231,20241126,EZ8680000,1023H020,동맥경화도검사(맥파전달속도측정),기능 검사료(순환기 기능 검사)/동맥경화도검사(맥파전달속도측정),1023H,기능 검사료(순환기 기능 검사),1023H020,동맥경화도검사(맥파전달속도측정),
99991231,20241126,EZ8710000,1023H030,관상동맥내 광학파 단층촬영,기능 검사료(순환기 기능 검사)/관상동맥내 광학파 단층촬영,1023H,기능 검사료(순환기 기능 검사),1023H030,관상동맥내 광학파 단층촬영,
99991231,20241126,EZ8740000,1023H040,미세전위 T 교대파 검사,기능 검사료(순환기 기능 검사)/미세전위 T 교대파 검사,1023H,기능 검사료(순환기 기능 검사),1023H040,미세전위 T 교대파 검사,
99991231,20241126,1023I,1023I,"기능 검사료(생식, 임신 및 분만)","기능 검사료(생식, 임신 및 분만)",1023I,"기능 검사료(생식, 임신 및 분만)",1023I,"기능 검사료(생식, 임신 및 분만)",
99991231,20241126,EZ8860000,1023I010,자궁경부확대촬영검사,"기능 검사료(생식, 임신 및 분만)/자궁경부확대촬영검사",1023I,"기능 검사료(생식, 임신 및 분만)",1023I010,자궁경부확대촬영검사,
99991231,20250414,1023K,1023K,기능 검사료 (치아검사),기능 검사료 (치아검사),1023K,기능 검사료 (치아검사),1023K,기능 검사료 (치아검사),
99991231,20250414,EZ9190000,1023K010,"타액검사 [분비율, 점조도, PH, 완충기능검사]","기능 검사료 (치아검사)/타액검사 [분비율, 점조도, PH, 완충기능검사]",1023K,기능 검사료 (치아검사),1023K010,"타액검사 [분비율, 점조도, PH, 완충기능검사]",
99991231,20250414,EX9340000,1023K020,인상채득 및 모형제작 [1악당],기능 검사료 (치아검사)/인상채득 및 모형제작 [1악당],1023K,기능 검사료 (치아검사),1023K020,인상채득 및 모형제작 [1악당],
99991231,20241126,1024Z,1024Z,"내시경, 천자 및 생검료 ","내시경, 천자 및 생검료 ",1024Z,"내시경, 천자 및 생검료 ",1024Z,"내시경, 천자 및 생검료 ",
99991231,20241126,EZ9410000,1024Z010,약물유도 수면상기도 내시경검사 ,"내시경, 천자 및 생검료 /약물유도 수면상기도 내시경검사 ",1024Z,"내시경, 천자 및 생검료 ",1024Z010,약물유도 수면상기도 내시경검사 ,
99991231,20241126,CZ9770000,1024Z020,입체적 유방절제생검술,"내시경, 천자 및 생검료 /입체적 유방절제생검술",1024Z,"내시경, 천자 및 생검료 ",1024Z020,입체적 유방절제생검술,
99991231,20241126,1024Z030,1024Z030,진정내시경환자관리료 ,"내시경, 천자 및 생검료 /진정내시경환자관리료 ",1024Z,"내시경, 천자 및 생검료 ",1024Z030,진정내시경환자관리료 ,
99991231,20241126,EA0010000,EA0010000,Ⅰ,"내시경, 천자 및 생검료 /진정내시경환자관리료 /Ⅰ",1024Z,"내시경, 천자 및 생검료 ",1024Z030,진정내시경환자관리료 ,
99991231,20241126,EA0020000,EA0020000,Ⅱ,"내시경, 천자 및 생검료 /진정내시경환자관리료 /Ⅱ",1024Z,"내시경, 천자 및 생검료 ",1024Z030,진정내시경환자관리료 ,
99991231,20241126,EA0030000,EA0030000,Ⅲ,"내시경, 천자 및 생검료 /진정내시경환자관리료 /Ⅲ",1024Z,"내시경, 천자 및 생검료 ",1024Z030,진정내시경환자관리료 ,
99991231,20241126,EA0040000,EA0040000,Ⅳ,"내시경, 천자 및 생검료 /진정내시경환자관리료 /Ⅳ",1024Z,"내시경, 천자 및 생검료 ",1024Z030,진정내시경환자관리료 ,
99991231,20241126,1025A,1025A,초음파검사료(기본초음파),초음파검사료(기본초음파),1025A,초음파검사료(기본초음파),1025A,초음파검사료(기본초음파),
99991231,20241126,1025A100,1025A100,단순초음파,초음파검사료(기본초음파)/단순초음파,1025A,초음파검사료(기본초음파),1025A100,단순초음파,
99991231,20241126,EB4010000,EB4010000,Ⅰ,초음파검사료(기본초음파)/단순초음파/Ⅰ,1025A,초음파검사료(기본초음파),1025A100,단순초음파,
99991231,20241126,EB4020000,EB4020000,Ⅱ,초음파검사료(기본초음파)/단순초음파/Ⅱ,1025A,초음파검사료(기본초음파),1025A100,단순초음파,
99991231,20241126,1025B,1025B,초음파검사료(진단초음파),초음파검사료(진단초음파),1025B,초음파검사료(진단초음파),1025B,초음파검사료(진단초음파),
99991231,20241126,EZ9810000,1025B100,횡파 탄성 초음파 영상,초음파검사료(진단초음파)/횡파 탄성 초음파 영상,1025B,초음파검사료(진단초음파),1025B100,횡파 탄성 초음파 영상,
99991231,20241126,1025B200,1025B200,두경부-안 초음파,초음파검사료(진단초음파)/두경부-안 초음파,1025B,초음파검사료(진단초음파),1025B200,두경부-안 초음파,
99991231,20241126,EB4110001,EB4110001,안구,초음파검사료(진단초음파)/두경부-안 초음파/안구,1025B,초음파검사료(진단초음파),1025B200,두경부-안 초음파,
99991231,20241126,EB4120001,EB4120001,안와,초음파검사료(진단초음파)/두경부-안 초음파/안와,1025B,초음파검사료(진단초음파),1025B200,두경부-안 초음파,
99991231,20241126,1025B210,1025B210,두경부-경부 초음파,초음파검사료(진단초음파)/두경부-경부 초음파,1025B,초음파검사료(진단초음파),1025B210,두경부-경부 초음파,
99991231,20241126,EB4140000,EB4140000,갑상선·부갑상선,초음파검사료(진단초음파)/두경부-경부 초음파/갑상선·부갑상선,1025B,초음파검사료(진단초음파),1025B210,두경부-경부 초음파,
99991231,20241126,EB4150000,EB4150000,갑상선·부갑상선 제외한 경부,초음파검사료(진단초음파)/두경부-경부 초음파/갑상선·부갑상선 제외한 경부,1025B,초음파검사료(진단초음파),1025B210,두경부-경부 초음파,
99991231,20241126,EB4160000,1025B220,진단초음파/두경부-비·부비동 초음파,초음파검사료(진단초음파)/진단초음파/두경부-비·부비동 초음파,1025B,초음파검사료(진단초음파),1025B220,진단초음파/두경부-비·부비동 초음파,
99991231,20241126,1025B300,1025B300,진단초음파/흉부-유방·액와부 초음파 ,초음파검사료(진단초음파)/진단초음파/흉부-유방·액와부 초음파 ,1025B,초음파검사료(진단초음파),1025B300,진단초음파/흉부-유방·액와부 초음파 ,
99991231,20241126,EB4210000,EB4210000,일반,초음파검사료(진단초음파)/진단초음파/흉부-유방·액와부 초음파 /일반,1025B,초음파검사료(진단초음파),1025B300,진단초음파/흉부-유방·액와부 초음파 ,
99991231,20241126,EB4230000,EB4230000,정밀,초음파검사료(진단초음파)/진단초음파/흉부-유방·액와부 초음파 /정밀,1025B,초음파검사료(진단초음파),1025B300,진단초음파/흉부-유방·액와부 초음파 ,
99991231,20241126,EB4240000,EB4240000,자동유방초음파,초음파검사료(진단초음파)/진단초음파/흉부-유방·액와부 초음파 /자동유방초음파,1025B,초음파검사료(진단초음파),1025B300,진단초음파/흉부-유방·액와부 초음파 ,
99991231,20241126,EB4220000,1025B310,"흉부-흉벽,흉막,늑골 등 초음파","초음파검사료(진단초음파)/흉부-흉벽,흉막,늑골 등 초음파",1025B,초음파검사료(진단초음파),1025B310,"흉부-흉벽,흉막,늑골 등 초음파",
99991231,20241126,1025B400,1025B400,심장-경흉부 심초음파,초음파검사료(진단초음파)/심장-경흉부 심초음파,1025B,초음파검사료(진단초음파),1025B400,심장-경흉부 심초음파,
99991231,20241126,EB4310000,EB4310000,단순,초음파검사료(진단초음파)/심장-경흉부 심초음파/단순,1025B,초음파검사료(진단초음파),1025B400,심장-경흉부 심초음파,
99991231,20241126,EB4320000,EB4320000,일반,초음파검사료(진단초음파)/심장-경흉부 심초음파/일반,1025B,초음파검사료(진단초음파),1025B400,심장-경흉부 심초음파,
99991231,20241126,EB4330000,EB4330000,전문,초음파검사료(진단초음파)/심장-경흉부 심초음파/전문,1025B,초음파검사료(진단초음파),1025B400,심장-경흉부 심초음파,
99991231,20241126,1025B410,1025B410,심장-부하 심초음파,초음파검사료(진단초음파)/심장-부하 심초음파,1025B,초음파검사료(진단초음파),1025B410,심장-부하 심초음파,
99991231,20241126,EB4340000,EB4340000,약물부하,초음파검사료(진단초음파)/심장-부하 심초음파/약물부하,1025B,초음파검사료(진단초음파),1025B410,심장-부하 심초음파,
99991231,20241126,EB4350000,EB4350000,운동부하,초음파검사료(진단초음파)/심장-부하 심초음파/운동부하,1025B,초음파검사료(진단초음파),1025B410,심장-부하 심초음파,
99991231,20241126,EB4360000,1025B420,심장-태아정밀 심초음파,초음파검사료(진단초음파)/심장-태아정밀 심초음파,1025B,초음파검사료(진단초음파),1025B420,심장-태아정밀 심초음파,
99991231,20241126,1025B500,1025B500,복부-복부 초음파,초음파검사료(진단초음파)/복부-복부 초음파,1025B,초음파검사료(진단초음파),1025B500,복부-복부 초음파,
99991231,20241126,EB4410000,EB4410000,간·담낭·담도·비장·췌장-일반,초음파검사료(진단초음파)/복부-복부 초음파/간·담낭·담도·비장·췌장-일반,1025B,초음파검사료(진단초음파),1025B500,복부-복부 초음파,
99991231,20241126,EB4420000,EB4420000,간·담낭·담도·비장·췌장-정밀,초음파검사료(진단초음파)/복부-복부 초음파/간·담낭·담도·비장·췌장-정밀,1025B,초음파검사료(진단초음파),1025B500,복부-복부 초음파,
99991231,20241126,EB4430001,EB4430001,충수,초음파검사료(진단초음파)/복부-복부 초음파/충수,1025B,초음파검사료(진단초음파),1025B500,복부-복부 초음파,
99991231,20241126,EB4440001,EB4440001,소장·대장,초음파검사료(진단초음파)/복부-복부 초음파/소장·대장,1025B,초음파검사료(진단초음파),1025B500,복부-복부 초음파,
99991231,20241126,EB4450001,EB4450001,서혜부,초음파검사료(진단초음파)/복부-복부 초음파/서혜부,1025B,초음파검사료(진단초음파),1025B500,복부-복부 초음파,
99991231,20241126,EB4460001,EB4460001,직장·항문,초음파검사료(진단초음파)/복부-복부 초음파/직장·항문,1025B,초음파검사료(진단초음파),1025B500,복부-복부 초음파,
99991231,20241126,EB4470001,EB4470001,항문,초음파검사료(진단초음파)/복부-복부 초음파/항문,1025B,초음파검사료(진단초음파),1025B500,복부-복부 초음파,
99991231,20241126,1025B510,1025B510,복부-비뇨기계 초음파,초음파검사료(진단초음파)/복부-비뇨기계 초음파,1025B,초음파검사료(진단초음파),1025B510,복부-비뇨기계 초음파,
99991231,20241126,EB4480001,EB4480001,신장·부신·방광,초음파검사료(진단초음파)/복부-비뇨기계 초음파/신장·부신·방광,1025B,초음파검사료(진단초음파),1025B510,복부-비뇨기계 초음파,
99991231,20241126,EB4490001,EB4490001,신장·부신,초음파검사료(진단초음파)/복부-비뇨기계 초음파/신장·부신,1025B,초음파검사료(진단초음파),1025B510,복부-비뇨기계 초음파,
99991231,20241126,EB4500001,EB4500001,방광,초음파검사료(진단초음파)/복부-비뇨기계 초음파/방광,1025B,초음파검사료(진단초음파),1025B510,복부-비뇨기계 초음파,
99991231,20241126,1025B520,1025B520,복부-남성생식기 초음파,초음파검사료(진단초음파)/복부-남성생식기 초음파,1025B,초음파검사료(진단초음파),1025B520,복부-남성생식기 초음파,
99991231,20241126,EB4510001,EB4510001,전립선·정낭,초음파검사료(진단초음파)/복부-남성생식기 초음파/전립선·정낭,1025B,초음파검사료(진단초음파),1025B520,복부-남성생식기 초음파,
99991231,20241126,EB4520001,EB4520001,전립선·정낭-경복부로 실시,초음파검사료(진단초음파)/복부-남성생식기 초음파/전립선·정낭-경복부로 실시,1025B,초음파검사료(진단초음파),1025B520,복부-남성생식기 초음파,
99991231,20241126,EB4530001,EB4530001,음경,초음파검사료(진단초음파)/복부-남성생식기 초음파/음경,1025B,초음파검사료(진단초음파),1025B520,복부-남성생식기 초음파,
99991231,20241126,EB4540001,EB4540001,음낭,초음파검사료(진단초음파)/복부-남성생식기 초음파/음낭,1025B,초음파검사료(진단초음파),1025B520,복부-남성생식기 초음파,
99991231,20241126,1025B530,1025B530,복부-여성생식기 초음파,초음파검사료(진단초음파)/복부-여성생식기 초음파,1025B,초음파검사료(진단초음파),1025B530,복부-여성생식기 초음파,
99991231,20241126,EB4550001,EB4550001,일반,초음파검사료(진단초음파)/복부-여성생식기 초음파/일반,1025B,초음파검사료(진단초음파),1025B530,복부-여성생식기 초음파,
99991231,20241126,EB4560001,EB4560001,일반-자궁내 생리식염수를 주입하여 검사,초음파검사료(진단초음파)/복부-여성생식기 초음파/일반-자궁내 생리식염수를 주입하여 검사,1025B,초음파검사료(진단초음파),1025B530,복부-여성생식기 초음파,
99991231,20241126,EB4570001,EB4570001,정밀,초음파검사료(진단초음파)/복부-여성생식기 초음파/정밀,1025B,초음파검사료(진단초음파),1025B530,복부-여성생식기 초음파,
99991231,20241126,1025B600,1025B600,"근골격, 연부-관절 초음파","초음파검사료(진단초음파)/근골격, 연부-관절 초음파",1025B,초음파검사료(진단초음파),1025B600,"근골격, 연부-관절 초음파",
99991231,20241126,EB4610000,EB4610000,손가락 ,"초음파검사료(진단초음파)/근골격, 연부-관절 초음파/손가락 ",1025B,초음파검사료(진단초음파),1025B600,"근골격, 연부-관절 초음파",
99991231,20241126,EB4620000,EB4620000,발가락 ,"초음파검사료(진단초음파)/근골격, 연부-관절 초음파/발가락 ",1025B,초음파검사료(진단초음파),1025B600,"근골격, 연부-관절 초음파",
99991231,20241126,EB4630000,EB4630000,주관절,"초음파검사료(진단초음파)/근골격, 연부-관절 초음파/주관절",1025B,초음파검사료(진단초음파),1025B600,"근골격, 연부-관절 초음파",
99991231,20241126,EB4640000,EB4640000,슬관절,"초음파검사료(진단초음파)/근골격, 연부-관절 초음파/슬관절",1025B,초음파검사료(진단초음파),1025B600,"근골격, 연부-관절 초음파",
99991231,20241126,EB4650000,EB4650000,고관절,"초음파검사료(진단초음파)/근골격, 연부-관절 초음파/고관절",1025B,초음파검사료(진단초음파),1025B600,"근골격, 연부-관절 초음파",
99991231,20241126,EB4660000,EB4660000,견관절,"초음파검사료(진단초음파)/근골격, 연부-관절 초음파/견관절",1025B,초음파검사료(진단초음파),1025B600,"근골격, 연부-관절 초음파",
99991231,20241126,EB4670000,EB4670000,손목관절,"초음파검사료(진단초음파)/근골격, 연부-관절 초음파/손목관절",1025B,초음파검사료(진단초음파),1025B600,"근골격, 연부-관절 초음파",
99991231,20241126,EB4680000,EB4680000,발목관절,"초음파검사료(진단초음파)/근골격, 연부-관절 초음파/발목관절",1025B,초음파검사료(진단초음파),1025B600,"근골격, 연부-관절 초음파",
99991231,20241126,EB4690000,EB4690000,류마티스성 질환에 의한 다발성 관절염,"초음파검사료(진단초음파)/근골격, 연부-관절 초음파/류마티스성 질환에 의한 다발성 관절염",1025B,초음파검사료(진단초음파),1025B600,"근골격, 연부-관절 초음파",
99991231,20241126,1025B610,1025B610,"근골격, 연부-연부조직 초음파","초음파검사료(진단초음파)/근골격, 연부-연부조직 초음파",1025B,초음파검사료(진단초음파),1025B610,"근골격, 연부-연부조직 초음파",
99991231,20241126,EB4700000,EB4700000,일반,"초음파검사료(진단초음파)/근골격, 연부-연부조직 초음파/일반",1025B,초음파검사료(진단초음파),1025B610,"근골격, 연부-연부조직 초음파",
99991231,20241126,EB4710000,EB4710000,정밀 ,"초음파검사료(진단초음파)/근골격, 연부-연부조직 초음파/정밀 ",1025B,초음파검사료(진단초음파),1025B610,"근골격, 연부-연부조직 초음파",
99991231,20241126,EB4810000,1025B700,혈관-뇌혈류 초음파,초음파검사료(진단초음파)/혈관-뇌혈류 초음파,1025B,초음파검사료(진단초음파),1025B700,혈관-뇌혈류 초음파,
99991231,20241126,1025B710,1025B710,혈관-두개외 혈관 도플러 초음파,초음파검사료(진단초음파)/혈관-두개외 혈관 도플러 초음파,1025B,초음파검사료(진단초음파),1025B710,혈관-두개외 혈관 도플러 초음파,
99991231,20241126,EB4820000,EB4820000,경동맥,초음파검사료(진단초음파)/혈관-두개외 혈관 도플러 초음파/경동맥,1025B,초음파검사료(진단초음파),1025B710,혈관-두개외 혈관 도플러 초음파,
99991231,20241126,EB4830000,EB4830000,기타동맥,초음파검사료(진단초음파)/혈관-두개외 혈관 도플러 초음파/기타동맥,1025B,초음파검사료(진단초음파),1025B710,혈관-두개외 혈관 도플러 초음파,
99991231,20241126,1025B720,1025B720,혈관-사지혈관 도플러 초음파,초음파검사료(진단초음파)/혈관-사지혈관 도플러 초음파,1025B,초음파검사료(진단초음파),1025B720,혈관-사지혈관 도플러 초음파,
99991231,20241126,EB4840000,EB4840000,상지-동맥,초음파검사료(진단초음파)/혈관-사지혈관 도플러 초음파/상지-동맥,1025B,초음파검사료(진단초음파),1025B720,혈관-사지혈관 도플러 초음파,
99991231,20241126,EB4850000,EB4850000,상지-정맥,초음파검사료(진단초음파)/혈관-사지혈관 도플러 초음파/상지-정맥,1025B,초음파검사료(진단초음파),1025B720,혈관-사지혈관 도플러 초음파,
99991231,20241126,EB4860000,EB4860000,동정맥루의 혈류 및 협착 측정 시,초음파검사료(진단초음파)/혈관-사지혈관 도플러 초음파/동정맥루의 혈류 및 협착 측정 시,1025B,초음파검사료(진단초음파),1025B720,혈관-사지혈관 도플러 초음파,
99991231,20241126,EB4870000,EB4870000,하지-동맥,초음파검사료(진단초음파)/혈관-사지혈관 도플러 초음파/하지-동맥,1025B,초음파검사료(진단초음파),1025B720,혈관-사지혈관 도플러 초음파,
99991231,20241126,EB4880000,EB4880000,하지-정맥,초음파검사료(진단초음파)/혈관-사지혈관 도플러 초음파/하지-정맥,1025B,초음파검사료(진단초음파),1025B720,혈관-사지혈관 도플러 초음파,
99991231,20241126,EB4890000,EB4890000,하지 정맥류,초음파검사료(진단초음파)/혈관-사지혈관 도플러 초음파/하지 정맥류,1025B,초음파검사료(진단초음파),1025B720,혈관-사지혈관 도플러 초음파,
99991231,20241126,EB4900000,1025B730,혈관-대동맥 도플러 초음파,초음파검사료(진단초음파)/혈관-대동맥 도플러 초음파,1025B,초음파검사료(진단초음파),1025B730,혈관-대동맥 도플러 초음파,
99991231,20241126,1025B800,1025B800,신경-중추신경계 초음파,초음파검사료(진단초음파)/신경-중추신경계 초음파,1025B,초음파검사료(진단초음파),1025B800,신경-중추신경계 초음파,
99991231,20241126,EB5010000,EB5010000,경천문 뇌,초음파검사료(진단초음파)/신경-중추신경계 초음파/경천문 뇌,1025B,초음파검사료(진단초음파),1025B800,신경-중추신경계 초음파,
99991231,20241126,EB5020000,EB5020000,척수,초음파검사료(진단초음파)/신경-중추신경계 초음파/척수,1025B,초음파검사료(진단초음파),1025B800,신경-중추신경계 초음파,
99991231,20241126,1025B810,1025B810,신경-말초신경 초음파,초음파검사료(진단초음파)/신경-말초신경 초음파,1025B,초음파검사료(진단초음파),1025B810,신경-말초신경 초음파,
99991231,20241126,EB5030000,EB5030000,편측,초음파검사료(진단초음파)/신경-말초신경 초음파/편측,1025B,초음파검사료(진단초음파),1025B810,신경-말초신경 초음파,
99991231,20241126,EB5040000,EB5040000,사지신경 모두를 종합적으로 검사,초음파검사료(진단초음파)/신경-말초신경 초음파/사지신경 모두를 종합적으로 검사,1025B,초음파검사료(진단초음파),1025B810,신경-말초신경 초음파,
99991231,20241126,1025B900,1025B900,임산부 초음파,초음파검사료(진단초음파)/임산부 초음파,1025B,초음파검사료(진단초음파),1025B900,임산부 초음파,
99991231,20241126,EB5110000,EB5110000,제1삼분기 -일반,초음파검사료(진단초음파)/임산부 초음파/제1삼분기 -일반,1025B,초음파검사료(진단초음파),1025B900,임산부 초음파,
99991231,20241126,EB5130000,EB5130000,제1삼분기 -정밀,초음파검사료(진단초음파)/임산부 초음파/제1삼분기 -정밀,1025B,초음파검사료(진단초음파),1025B900,임산부 초음파,
99991231,20241126,EB5150000,EB5150000,"제2,3삼분기 -일반","초음파검사료(진단초음파)/임산부 초음파/제2,3삼분기 -일반",1025B,초음파검사료(진단초음파),1025B900,임산부 초음파,
99991231,20241126,EB5170000,EB5170000,"제2,3삼분기 -정밀","초음파검사료(진단초음파)/임산부 초음파/제2,3삼분기 -정밀",1025B,초음파검사료(진단초음파),1025B900,임산부 초음파,
99991231,20241126,1025C,1025C,초음파 검사료(유도 초음파),초음파 검사료(유도 초음파),1025C,초음파 검사료(유도 초음파),1025C,초음파 검사료(유도 초음파),
99991231,20241126,EZ9850000,1025C010,수술 중 초음파,초음파 검사료(유도 초음파)/수술 중 초음파,1025C,초음파 검사료(유도 초음파),1025C010,수술 중 초음파,
99991231,20241126,EZ9860000,1025C020,분만기간 초음파,초음파 검사료(유도 초음파)/분만기간 초음파,1025C,초음파 검사료(유도 초음파),1025C020,분만기간 초음파,
99991231,20241126,EZ9870000,1025C030,진공보조 유방 생검시 유도 초음파,초음파 검사료(유도 초음파)/진공보조 유방 생검시 유도 초음파,1025C,초음파 검사료(유도 초음파),1025C030,진공보조 유방 생검시 유도 초음파,
99991231,20241126,1025C040,1025C040,유도초음파,초음파 검사료(유도 초음파)/유도초음파,1025C,초음파 검사료(유도 초음파),1025C040,유도초음파,
99991231,20241126,EB5610000,EB5610000,Ⅰ,초음파 검사료(유도 초음파)/유도초음파/Ⅰ,1025C,초음파 검사료(유도 초음파),1025C040,유도초음파,
99991231,20241126,EB5620000,EB5620000,Ⅱ,초음파 검사료(유도 초음파)/유도초음파/Ⅱ,1025C,초음파 검사료(유도 초음파),1025C040,유도초음파,
99991231,20241126,EB5630000,EB5630000,Ⅲ,초음파 검사료(유도 초음파)/유도초음파/Ⅲ,1025C,초음파 검사료(유도 초음파),1025C040,유도초음파,
99991231,20241126,EB5640000,EB5640000,Ⅳ,초음파 검사료(유도 초음파)/유도초음파/Ⅳ,1025C,초음파 검사료(유도 초음파),1025C040,유도초음파,
99991231,20241126,1025D,1025D,초음파 검사료(특수 초음파),초음파 검사료(특수 초음파),1025D,초음파 검사료(특수 초음파),1025D,초음파 검사료(특수 초음파),
99991231,20241126,1025D010,1025D010,기관지내시경초음파 [가이드시스를 이용한 경우 포함],초음파 검사료(특수 초음파)/기관지내시경초음파 [가이드시스를 이용한 경우 포함],1025D,초음파 검사료(특수 초음파),1025D010,기관지내시경초음파 [가이드시스를 이용한 경우 포함],
99991231,20241126,EZ9910001,EZ9910001,기관지내시경초음파,초음파 검사료(특수 초음파)/기관지내시경초음파 [가이드시스를 이용한 경우 포함]/기관지내시경초음파,1025D,초음파 검사료(특수 초음파),1025D010,기관지내시경초음파 [가이드시스를 이용한 경우 포함],
99991231,20241126,EZ9910002,EZ9910002,기관지내시경초음파 [가이드시스를 이용한 경우],초음파 검사료(특수 초음파)/기관지내시경초음파 [가이드시스를 이용한 경우 포함]/기관지내시경초음파 [가이드시스를 이용한 경우],1025D,초음파 검사료(특수 초음파),1025D010,기관지내시경초음파 [가이드시스를 이용한 경우 포함],
99991231,20241126,EZ9920000,1025D020,내시경초음파,초음파 검사료(특수 초음파)/내시경초음파,1025D,초음파 검사료(특수 초음파),1025D020,내시경초음파,
99991231,20241126,EZ9930000,1025D030,관강내초음파,초음파 검사료(특수 초음파)/관강내초음파,1025D,초음파 검사료(특수 초음파),1025D030,관강내초음파,
99991231,20241126,EZ9940000,1025D040,혈관내초음파,초음파 검사료(특수 초음파)/혈관내초음파,1025D,초음파 검사료(특수 초음파),1025D040,혈관내초음파,
99991231,20241126,EB6110000,1025D400,심장-경식도 심초음파,초음파 검사료(특수 초음파)/심장-경식도 심초음파,1025D,초음파 검사료(특수 초음파),1025D400,심장-경식도 심초음파,
99991231,20241126,EB6120000,1025D410,심장-심장내 초음파,초음파 검사료(특수 초음파)/심장-심장내 초음파,1025D,초음파 검사료(특수 초음파),1025D410,심장-심장내 초음파,
99991231,20241126,1030Z,1030Z,영상진단 및 방사선 치료료,영상진단 및 방사선 치료료,1030Z,영상진단 및 방사선 치료료,1030Z,영상진단 및 방사선 치료료,
99991231,20241126,HZ1620000,1030Z020,뇌혈관 정량적 자기공명혈관조영술 [동 행위를 위해 실시한 MRA 포함],영상진단 및 방사선 치료료/뇌혈관 정량적 자기공명혈관조영술 [동 행위를 위해 실시한 MRA 포함],1030Z,영상진단 및 방사선 치료료,1030Z020,뇌혈관 정량적 자기공명혈관조영술 [동 행위를 위해 실시한 MRA 포함],
99991231,20241126,1032A,1032A,자기공명영상진단료(MRI-기본검사),자기공명영상진단료(MRI-기본검사),1032A,자기공명영상진단료(MRI-기본검사),1032A,자기공명영상진단료(MRI-기본검사),
99991231,20241126,1032A100,1032A100,뇌,자기공명영상진단료(MRI-기본검사)/뇌,1032A,자기공명영상진단료(MRI-기본검사),1032A100,뇌,
99991231,20241126,HE1010001,HE1010001,일반,자기공명영상진단료(MRI-기본검사)/뇌/일반,1032A,자기공명영상진단료(MRI-기본검사),1032A100,뇌,
99991231,20241126,1032A200,1032A200,두경부-안면,자기공명영상진단료(MRI-기본검사)/두경부-안면,1032A,자기공명영상진단료(MRI-기본검사),1032A200,두경부-안면,
99991231,20241126,HE1030001,HE1030001,일반,자기공명영상진단료(MRI-기본검사)/두경부-안면/일반,1032A,자기공명영상진단료(MRI-기본검사),1032A200,두경부-안면,
99991231,20241126,1032A210,1032A210,두경부-부비동,자기공명영상진단료(MRI-기본검사)/두경부-부비동,1032A,자기공명영상진단료(MRI-기본검사),1032A210,두경부-부비동,
99991231,20241126,HE1040001,HE1040001,일반,자기공명영상진단료(MRI-기본검사)/두경부-부비동/일반,1032A,자기공명영상진단료(MRI-기본검사),1032A210,두경부-부비동,
99991231,20241126,1032A220,1032A220,두경부-안와,자기공명영상진단료(MRI-기본검사)/두경부-안와,1032A,자기공명영상진단료(MRI-기본검사),1032A220,두경부-안와,
99991231,20241126,HE1050001,HE1050001,일반,자기공명영상진단료(MRI-기본검사)/두경부-안와/일반,1032A,자기공명영상진단료(MRI-기본검사),1032A220,두경부-안와,
99991231,20241126,1032A230,1032A230,두경부-측두골,자기공명영상진단료(MRI-기본검사)/두경부-측두골,1032A,자기공명영상진단료(MRI-기본검사),1032A230,두경부-측두골,
99991231,20241126,HE1060001,HE1060001,일반,자기공명영상진단료(MRI-기본검사)/두경부-측두골/일반,1032A,자기공명영상진단료(MRI-기본검사),1032A230,두경부-측두골,
99991231,20241126,1032A240,1032A240,두경부-측두하악관절,자기공명영상진단료(MRI-기본검사)/두경부-측두하악관절,1032A,자기공명영상진단료(MRI-기본검사),1032A240,두경부-측두하악관절,
99991231,20241126,HE1070001,HE1070001,일반,자기공명영상진단료(MRI-기본검사)/두경부-측두하악관절/일반,1032A,자기공명영상진단료(MRI-기본검사),1032A240,두경부-측두하악관절,
99991231,20241126,1032A250,1032A250,두경부-경부,자기공명영상진단료(MRI-기본검사)/두경부-경부,1032A,자기공명영상진단료(MRI-기본검사),1032A250,두경부-경부,
99991231,20241126,HE1080001,HE1080001,일반,자기공명영상진단료(MRI-기본검사)/두경부-경부/일반,1032A,자기공명영상진단료(MRI-기본검사),1032A250,두경부-경부,
99991231,20241126,1032A300,1032A300,척추-경추,자기공명영상진단료(MRI-기본검사)/척추-경추,1032A,자기공명영상진단료(MRI-기본검사),1032A300,척추-경추,
99991231,20241126,HE1090000,HE1090000,일반,자기공명영상진단료(MRI-기본검사)/척추-경추/일반,1032A,자기공명영상진단료(MRI-기본검사),1032A300,척추-경추,
99991231,20241126,1032A310,1032A310,척추-흉추,자기공명영상진단료(MRI-기본검사)/척추-흉추,1032A,자기공명영상진단료(MRI-기본검사),1032A310,척추-흉추,
99991231,20241126,HE1100000,HE1100000,일반,자기공명영상진단료(MRI-기본검사)/척추-흉추/일반,1032A,자기공명영상진단료(MRI-기본검사),1032A310,척추-흉추,
99991231,20241126,1032A320,1032A320,척추-요천추,자기공명영상진단료(MRI-기본검사)/척추-요천추,1032A,자기공명영상진단료(MRI-기본검사),1032A320,척추-요천추,
99991231,20241126,HE1110000,HE1110000,일반,자기공명영상진단료(MRI-기본검사)/척추-요천추/일반,1032A,자기공명영상진단료(MRI-기본검사),1032A320,척추-요천추,
99991231,20241126,1032A330,1032A330,척추-척추강,자기공명영상진단료(MRI-기본검사)/척추-척추강,1032A,자기공명영상진단료(MRI-기본검사),1032A330,척추-척추강,
99991231,20241126,HE1120000,HE1120000,일반,자기공명영상진단료(MRI-기본검사)/척추-척추강/일반,1032A,자기공명영상진단료(MRI-기본검사),1032A330,척추-척추강,
99991231,20241126,1032A340,1032A340,척추-전척추,자기공명영상진단료(MRI-기본검사)/척추-전척추,1032A,자기공명영상진단료(MRI-기본검사),1032A340,척추-전척추,
99991231,20241126,HE1130000,HE1130000,일반,자기공명영상진단료(MRI-기본검사)/척추-전척추/일반,1032A,자기공명영상진단료(MRI-기본검사),1032A340,척추-전척추,
99991231,20241126,1032A400,1032A400,근골격계-견관절,자기공명영상진단료(MRI-기본검사)/근골격계-견관절,1032A,자기공명영상진단료(MRI-기본검사),1032A400,근골격계-견관절,
99991231,20241126,HE1150000,HE1150000,일반,자기공명영상진단료(MRI-기본검사)/근골격계-견관절/일반,1032A,자기공명영상진단료(MRI-기본검사),1032A400,근골격계-견관절,
99991231,20241126,HE2150000,HE2150000,조영제 주입 전·후 촬영 판독,자기공명영상진단료(MRI-기본검사)/근골격계-견관절/조영제 주입 전·후 촬영 판독,1032A,자기공명영상진단료(MRI-기본검사),1032A400,근골격계-견관절,
99991231,20241126,HE4150000,HE4150000,제한적 MRI(방사선 치료범위 및 위치결정 등) ,자기공명영상진단료(MRI-기본검사)/근골격계-견관절/제한적 MRI(방사선 치료범위 및 위치결정 등) ,1032A,자기공명영상진단료(MRI-기본검사),1032A400,근골격계-견관절,
99991231,20241126,HE5150000,HE5150000,3차원자기공명영상을 실시한 경우,자기공명영상진단료(MRI-기본검사)/근골격계-견관절/3차원자기공명영상을 실시한 경우,1032A,자기공명영상진단료(MRI-기본검사),1032A400,근골격계-견관절,
99991231,20241126,1032A410,1032A410,근골격계-주관절,자기공명영상진단료(MRI-기본검사)/근골격계-주관절,1032A,자기공명영상진단료(MRI-기본검사),1032A410,근골격계-주관절,
99991231,20241126,HE1160000,HE1160000,일반,자기공명영상진단료(MRI-기본검사)/근골격계-주관절/일반,1032A,자기공명영상진단료(MRI-기본검사),1032A410,근골격계-주관절,
99991231,20241126,HE2160000,HE2160000,조영제 주입 전·후 촬영 판독,자기공명영상진단료(MRI-기본검사)/근골격계-주관절/조영제 주입 전·후 촬영 판독,1032A,자기공명영상진단료(MRI-기본검사),1032A410,근골격계-주관절,
99991231,20241126,HE4160000,HE4160000,제한적 MRI(방사선 치료범위 및 위치결정 등) ,자기공명영상진단료(MRI-기본검사)/근골격계-주관절/제한적 MRI(방사선 치료범위 및 위치결정 등) ,1032A,자기공명영상진단료(MRI-기본검사),1032A410,근골격계-주관절,
99991231,20241126,HE5160000,HE5160000,3차원자기공명영상을 실시한 경우,자기공명영상진단료(MRI-기본검사)/근골격계-주관절/3차원자기공명영상을 실시한 경우,1032A,자기공명영상진단료(MRI-기본검사),1032A410,근골격계-주관절,
99991231,20241126,1032A420,1032A420,근골격계-수관절,자기공명영상진단료(MRI-기본검사)/근골격계-수관절,1032A,자기공명영상진단료(MRI-기본검사),1032A420,근골격계-수관절,
99991231,20241126,HE1170000,HE1170000,일반,자기공명영상진단료(MRI-기본검사)/근골격계-수관절/일반,1032A,자기공명영상진단료(MRI-기본검사),1032A420,근골격계-수관절,
99991231,20241126,HE2170000,HE2170000,조영제 주입 전·후 촬영 판독,자기공명영상진단료(MRI-기본검사)/근골격계-수관절/조영제 주입 전·후 촬영 판독,1032A,자기공명영상진단료(MRI-기본검사),1032A420,근골격계-수관절,
99991231,20241126,HE4170000,HE4170000,제한적 MRI(방사선 치료범위 및 위치결정 등) ,자기공명영상진단료(MRI-기본검사)/근골격계-수관절/제한적 MRI(방사선 치료범위 및 위치결정 등) ,1032A,자기공명영상진단료(MRI-기본검사),1032A420,근골격계-수관절,
99991231,20241126,HE5170000,HE5170000,3차원자기공명영상을 실시한 경우,자기공명영상진단료(MRI-기본검사)/근골격계-수관절/3차원자기공명영상을 실시한 경우,1032A,자기공명영상진단료(MRI-기본검사),1032A420,근골격계-수관절,
99991231,20241126,1032A430,1032A430,근골격계-고관절,자기공명영상진단료(MRI-기본검사)/근골격계-고관절,1032A,자기공명영상진단료(MRI-기본검사),1032A430,근골격계-고관절,
99991231,20241126,HE1180000,HE1180000,일반,자기공명영상진단료(MRI-기본검사)/근골격계-고관절/일반,1032A,자기공명영상진단료(MRI-기본검사),1032A430,근골격계-고관절,
99991231,20241126,HE2180000,HE2180000,조영제 주입 전·후 촬영 판독,자기공명영상진단료(MRI-기본검사)/근골격계-고관절/조영제 주입 전·후 촬영 판독,1032A,자기공명영상진단료(MRI-기본검사),1032A430,근골격계-고관절,
99991231,20241126,HE4180000,HE4180000,제한적 MRI(방사선 치료범위 및 위치결정 등) ,자기공명영상진단료(MRI-기본검사)/근골격계-고관절/제한적 MRI(방사선 치료범위 및 위치결정 등) ,1032A,자기공명영상진단료(MRI-기본검사),1032A430,근골격계-고관절,
99991231,20241126,HE5180000,HE5180000,3차원자기공명영상을 실시한 경우,자기공명영상진단료(MRI-기본검사)/근골격계-고관절/3차원자기공명영상을 실시한 경우,1032A,자기공명영상진단료(MRI-기본검사),1032A430,근골격계-고관절,
99991231,20241126,1032A440,1032A440,근골격계-천장골관절,자기공명영상진단료(MRI-기본검사)/근골격계-천장골관절,1032A,자기공명영상진단료(MRI-기본검사),1032A440,근골격계-천장골관절,
99991231,20241126,HE1190000,HE1190000,일반,자기공명영상진단료(MRI-기본검사)/근골격계-천장골관절/일반,1032A,자기공명영상진단료(MRI-기본검사),1032A440,근골격계-천장골관절,
99991231,20241126,HE2190000,HE2190000,조영제 주입 전·후 촬영 판독,자기공명영상진단료(MRI-기본검사)/근골격계-천장골관절/조영제 주입 전·후 촬영 판독,1032A,자기공명영상진단료(MRI-기본검사),1032A440,근골격계-천장골관절,
99991231,20241126,HE4190000,HE4190000,제한적 MRI(방사선 치료범위 및 위치결정 등) ,자기공명영상진단료(MRI-기본검사)/근골격계-천장골관절/제한적 MRI(방사선 치료범위 및 위치결정 등) ,1032A,자기공명영상진단료(MRI-기본검사),1032A440,근골격계-천장골관절,
99991231,20241126,HE5190000,HE5190000,3차원자기공명영상을 실시한 경우,자기공명영상진단료(MRI-기본검사)/근골격계-천장골관절/3차원자기공명영상을 실시한 경우,1032A,자기공명영상진단료(MRI-기본검사),1032A440,근골격계-천장골관절,
99991231,20241126,1032A450,1032A450,근골격계-슬관절,자기공명영상진단료(MRI-기본검사)/근골격계-슬관절,1032A,자기공명영상진단료(MRI-기본검사),1032A450,근골격계-슬관절,
99991231,20241126,HE1200000,HE1200000,일반,자기공명영상진단료(MRI-기본검사)/근골격계-슬관절/일반,1032A,자기공명영상진단료(MRI-기본검사),1032A450,근골격계-슬관절,
99991231,20241126,HE2200000,HE2200000,조영제 주입 전·후 촬영 판독,자기공명영상진단료(MRI-기본검사)/근골격계-슬관절/조영제 주입 전·후 촬영 판독,1032A,자기공명영상진단료(MRI-기본검사),1032A450,근골격계-슬관절,
99991231,20241126,HE4200000,HE4200000,제한적 MRI(방사선 치료범위 및 위치결정 등) ,자기공명영상진단료(MRI-기본검사)/근골격계-슬관절/제한적 MRI(방사선 치료범위 및 위치결정 등) ,1032A,자기공명영상진단료(MRI-기본검사),1032A450,근골격계-슬관절,
99991231,20241126,HE5200000,HE5200000,3차원자기공명영상을 실시한 경우,자기공명영상진단료(MRI-기본검사)/근골격계-슬관절/3차원자기공명영상을 실시한 경우,1032A,자기공명영상진단료(MRI-기본검사),1032A450,근골격계-슬관절,
99991231,20241126,1032A460,1032A460,근골격계-발목관절,자기공명영상진단료(MRI-기본검사)/근골격계-발목관절,1032A,자기공명영상진단료(MRI-기본검사),1032A460,근골격계-발목관절,
99991231,20241126,HE1210000,HE1210000,일반,자기공명영상진단료(MRI-기본검사)/근골격계-발목관절/일반,1032A,자기공명영상진단료(MRI-기본검사),1032A460,근골격계-발목관절,
99991231,20241126,HE2210000,HE2210000,조영제 주입 전·후 촬영 판독,자기공명영상진단료(MRI-기본검사)/근골격계-발목관절/조영제 주입 전·후 촬영 판독,1032A,자기공명영상진단료(MRI-기본검사),1032A460,근골격계-발목관절,
99991231,20241126,HE4210000,HE4210000,제한적 MRI(방사선 치료범위 및 위치결정 등) ,자기공명영상진단료(MRI-기본검사)/근골격계-발목관절/제한적 MRI(방사선 치료범위 및 위치결정 등) ,1032A,자기공명영상진단료(MRI-기본검사),1032A460,근골격계-발목관절,
99991231,20241126,HE5210000,HE5210000,3차원자기공명영상을 실시한 경우,자기공명영상진단료(MRI-기본검사)/근골격계-발목관절/3차원자기공명영상을 실시한 경우,1032A,자기공명영상진단료(MRI-기본검사),1032A460,근골격계-발목관절,
99991231,20241126,1032A470,1032A470,근골격계-관절외 상지,자기공명영상진단료(MRI-기본검사)/근골격계-관절외 상지,1032A,자기공명영상진단료(MRI-기본검사),1032A470,근골격계-관절외 상지,
99991231,20241126,HE1220000,HE1220000,일반,자기공명영상진단료(MRI-기본검사)/근골격계-관절외 상지/일반,1032A,자기공명영상진단료(MRI-기본검사),1032A470,근골격계-관절외 상지,
99991231,20241126,HE2220000,HE2220000,조영제 주입 전·후 촬영 판독,자기공명영상진단료(MRI-기본검사)/근골격계-관절외 상지/조영제 주입 전·후 촬영 판독,1032A,자기공명영상진단료(MRI-기본검사),1032A470,근골격계-관절외 상지,
99991231,20241126,HE4220000,HE4220000,제한적 MRI(방사선 치료범위 및 위치결정 등) ,자기공명영상진단료(MRI-기본검사)/근골격계-관절외 상지/제한적 MRI(방사선 치료범위 및 위치결정 등) ,1032A,자기공명영상진단료(MRI-기본검사),1032A470,근골격계-관절외 상지,
99991231,20241126,HE5220000,HE5220000,3차원자기공명영상을 실시한 경우,자기공명영상진단료(MRI-기본검사)/근골격계-관절외 상지/3차원자기공명영상을 실시한 경우,1032A,자기공명영상진단료(MRI-기본검사),1032A470,근골격계-관절외 상지,
99991231,20241126,1032A480,1032A480,근골격계-관절외 하지,자기공명영상진단료(MRI-기본검사)/근골격계-관절외 하지,1032A,자기공명영상진단료(MRI-기본검사),1032A480,근골격계-관절외 하지,
99991231,20241126,HE1230000,HE1230000,일반,자기공명영상진단료(MRI-기본검사)/근골격계-관절외 하지/일반,1032A,자기공명영상진단료(MRI-기본검사),1032A480,근골격계-관절외 하지,
99991231,20241126,HE2230000,HE2230000,조영제 주입 전·후 촬영 판독,자기공명영상진단료(MRI-기본검사)/근골격계-관절외 하지/조영제 주입 전·후 촬영 판독,1032A,자기공명영상진단료(MRI-기본검사),1032A480,근골격계-관절외 하지,
99991231,20241126,HE4230000,HE4230000,제한적 MRI(방사선 치료범위 및 위치결정 등) ,자기공명영상진단료(MRI-기본검사)/근골격계-관절외 하지/제한적 MRI(방사선 치료범위 및 위치결정 등) ,1032A,자기공명영상진단료(MRI-기본검사),1032A480,근골격계-관절외 하지,
99991231,20241126,HE5230000,HE5230000,3차원자기공명영상을 실시한 경우,자기공명영상진단료(MRI-기본검사)/근골격계-관절외 하지/3차원자기공명영상을 실시한 경우,1032A,자기공명영상진단료(MRI-기본검사),1032A480,근골격계-관절외 하지,
99991231,20241126,1032A500,1032A500,흉부-흉부,자기공명영상진단료(MRI-기본검사)/흉부-흉부,1032A,자기공명영상진단료(MRI-기본검사),1032A500,흉부-흉부,
99991231,20241126,HE1250001,HE1250001,일반,자기공명영상진단료(MRI-기본검사)/흉부-흉부/일반,1032A,자기공명영상진단료(MRI-기본검사),1032A500,흉부-흉부,
99991231,20241126,1032A510,1032A510,흉부-유방,자기공명영상진단료(MRI-기본검사)/흉부-유방,1032A,자기공명영상진단료(MRI-기본검사),1032A510,흉부-유방,
99991231,20241126,HE1260001,HE1260001,일반,자기공명영상진단료(MRI-기본검사)/흉부-유방/일반,1032A,자기공명영상진단료(MRI-기본검사),1032A510,흉부-유방,
99991231,20241126,1032A600,1032A600,복부-복부,자기공명영상진단료(MRI-기본검사)/복부-복부,1032A,자기공명영상진단료(MRI-기본검사),1032A600,복부-복부,
99991231,20241126,HE1270001,HE1270001,일반,자기공명영상진단료(MRI-기본검사)/복부-복부/일반,1032A,자기공명영상진단료(MRI-기본검사),1032A600,복부-복부,
99991231,20241126,1032A610,1032A610,복부-골반,자기공명영상진단료(MRI-기본검사)/복부-골반,1032A,자기공명영상진단료(MRI-기본검사),1032A610,복부-골반,
99991231,20241126,HE1280001,HE1280001,일반,자기공명영상진단료(MRI-기본검사)/복부-골반/일반,1032A,자기공명영상진단료(MRI-기본검사),1032A610,복부-골반,
99991231,20241126,1032A620,1032A620,복부-췌장,자기공명영상진단료(MRI-기본검사)/복부-췌장,1032A,자기공명영상진단료(MRI-기본검사),1032A620,복부-췌장,
99991231,20241126,HE1290001,HE1290001,일반,자기공명영상진단료(MRI-기본검사)/복부-췌장/일반,1032A,자기공명영상진단료(MRI-기본검사),1032A620,복부-췌장,
99991231,20241126,1032A630,1032A630,복부-신장 및 부신,자기공명영상진단료(MRI-기본검사)/복부-신장 및 부신,1032A,자기공명영상진단료(MRI-기본검사),1032A630,복부-신장 및 부신,
99991231,20241126,HE1300001,HE1300001,일반,자기공명영상진단료(MRI-기본검사)/복부-신장 및 부신/일반,1032A,자기공명영상진단료(MRI-기본검사),1032A630,복부-신장 및 부신,
99991231,20241126,1032A640,1032A640,복부-음낭 및 음경,자기공명영상진단료(MRI-기본검사)/복부-음낭 및 음경,1032A,자기공명영상진단료(MRI-기본검사),1032A640,복부-음낭 및 음경,
99991231,20241126,HE1310001,HE1310001,일반,자기공명영상진단료(MRI-기본검사)/복부-음낭 및 음경/일반,1032A,자기공명영상진단료(MRI-기본검사),1032A640,복부-음낭 및 음경,
99991231,20241126,1032A650,1032A650,복부-간,자기공명영상진단료(MRI-기본검사)/복부-간,1032A,자기공명영상진단료(MRI-기본검사),1032A650,복부-간,
99991231,20241126,HE1320001,HE1320001,일반,자기공명영상진단료(MRI-기본검사)/복부-간/일반,1032A,자기공명영상진단료(MRI-기본검사),1032A650,복부-간,
99991231,20241126,1032A660,1032A660,복부-담췌관,자기공명영상진단료(MRI-기본검사)/복부-담췌관,1032A,자기공명영상진단료(MRI-기본검사),1032A660,복부-담췌관,
99991231,20241126,HE1330001,HE1330001,일반,자기공명영상진단료(MRI-기본검사)/복부-담췌관/일반,1032A,자기공명영상진단료(MRI-기본검사),1032A660,복부-담췌관,
99991231,20241126,1032A670,1032A670,복부-전립선,자기공명영상진단료(MRI-기본검사)/복부-전립선,1032A,자기공명영상진단료(MRI-기본검사),1032A670,복부-전립선,
99991231,20241126,HE1340001,HE1340001,일반,자기공명영상진단료(MRI-기본검사)/복부-전립선/일반,1032A,자기공명영상진단료(MRI-기본검사),1032A670,복부-전립선,
99991231,20241126,1032A700,1032A700,혈관-뇌혈관,자기공명영상진단료(MRI-기본검사)/혈관-뇌혈관,1032A,자기공명영상진단료(MRI-기본검사),1032A700,혈관-뇌혈관,
99991231,20241126,HE1350001,HE1350001,일반,자기공명영상진단료(MRI-기본검사)/혈관-뇌혈관/일반,1032A,자기공명영상진단료(MRI-기본검사),1032A700,혈관-뇌혈관,
99991231,20241126,1032A710,1032A710,혈관-경부혈관,자기공명영상진단료(MRI-기본검사)/혈관-경부혈관,1032A,자기공명영상진단료(MRI-기본검사),1032A710,혈관-경부혈관,
99991231,20241126,HE1360001,HE1360001,일반,자기공명영상진단료(MRI-기본검사)/혈관-경부혈관/일반,1032A,자기공명영상진단료(MRI-기본검사),1032A710,혈관-경부혈관,
99991231,20241126,1032A720,1032A720,혈관-흉부혈관,자기공명영상진단료(MRI-기본검사)/혈관-흉부혈관,1032A,자기공명영상진단료(MRI-기본검사),1032A720,혈관-흉부혈관,
99991231,20241126,HE1370001,HE1370001,일반,자기공명영상진단료(MRI-기본검사)/혈관-흉부혈관/일반,1032A,자기공명영상진단료(MRI-기본검사),1032A720,혈관-흉부혈관,
99991231,20241126,1032A730,1032A730,혈관-복부혈관,자기공명영상진단료(MRI-기본검사)/혈관-복부혈관,1032A,자기공명영상진단료(MRI-기본검사),1032A730,혈관-복부혈관,
99991231,20241126,HE1380001,HE1380001,일반,자기공명영상진단료(MRI-기본검사)/혈관-복부혈관/일반,1032A,자기공명영상진단료(MRI-기본검사),1032A730,혈관-복부혈관,
99991231,20241126,1032A740,1032A740,혈관-사지혈관,자기공명영상진단료(MRI-기본검사)/혈관-사지혈관,1032A,자기공명영상진단료(MRI-기본검사),1032A740,혈관-사지혈관,
99991231,20241126,HE1390000,HE1390000,일반,자기공명영상진단료(MRI-기본검사)/혈관-사지혈관/일반,1032A,자기공명영상진단료(MRI-기본검사),1032A740,혈관-사지혈관,
99991231,20241126,HE2390000,HE2390000,조영제 주입 전·후 촬영 판독,자기공명영상진단료(MRI-기본검사)/혈관-사지혈관/조영제 주입 전·후 촬영 판독,1032A,자기공명영상진단료(MRI-기본검사),1032A740,혈관-사지혈관,
99991231,20241126,HE5390000,HE5390000,3차원자기공명영상을 실시한 경우,자기공명영상진단료(MRI-기본검사)/혈관-사지혈관/3차원자기공명영상을 실시한 경우,1032A,자기공명영상진단료(MRI-기본검사),1032A740,혈관-사지혈관,
99991231,20241126,1032A750,1032A750,혈관-심혈관,자기공명영상진단료(MRI-기본검사)/혈관-심혈관,1032A,자기공명영상진단료(MRI-기본검사),1032A750,혈관-심혈관,
99991231,20241126,HE1400001,HE1400001,일반,자기공명영상진단료(MRI-기본검사)/혈관-심혈관/일반,1032A,자기공명영상진단료(MRI-기본검사),1032A750,혈관-심혈관,
99991231,20241126,1032A800,1032A800,전신,자기공명영상진단료(MRI-기본검사)/전신,1032A,자기공명영상진단료(MRI-기본검사),1032A800,전신,
99991231,20241126,HE1410001,HE1410001,일반,자기공명영상진단료(MRI-기본검사)/전신/일반,1032A,자기공명영상진단료(MRI-기본검사),1032A800,전신,
99991231,20241126,1032A900,1032A900,심장,자기공명영상진단료(MRI-기본검사)/심장,1032A,자기공명영상진단료(MRI-기본검사),1032A900,심장,
99991231,20241126,HE1240001,HE1240001,일반,자기공명영상진단료(MRI-기본검사)/심장/일반,1032A,자기공명영상진단료(MRI-기본검사),1032A900,심장,
99991231,20241126,1032B,1032B,자기공명영상진단료(MRI-특수검사),자기공명영상진단료(MRI-특수검사),1032B,자기공명영상진단료(MRI-특수검사),1032B,자기공명영상진단료(MRI-특수검사),
99991231,20241126,HF1010000,1032B010,확산,자기공명영상진단료(MRI-특수검사)/확산,1032B,자기공명영상진단료(MRI-특수검사),1032B010,확산,
99991231,20241126,HF1020000,1032B020,관류 [3차원자기공명영상 포함],자기공명영상진단료(MRI-특수검사)/관류 [3차원자기공명영상 포함],1032B,자기공명영상진단료(MRI-특수검사),1032B020,관류 [3차원자기공명영상 포함],
99991231,20241126,HF1030000,1032B030,분광영상,자기공명영상진단료(MRI-특수검사)/분광영상,1032B,자기공명영상진단료(MRI-특수검사),1032B030,분광영상,
99991231,20241126,HF1040000,1032B040,영화 [기본검사 및 3차원자기공명영상 포함],자기공명영상진단료(MRI-특수검사)/영화 [기본검사 및 3차원자기공명영상 포함],1032B,자기공명영상진단료(MRI-특수검사),1032B040,영화 [기본검사 및 3차원자기공명영상 포함],
99991231,20241126,HF1050000,1032B050,Dynamic [기본검사 포함],자기공명영상진단료(MRI-특수검사)/Dynamic [기본검사 포함],1032B,자기공명영상진단료(MRI-특수검사),1032B050,Dynamic [기본검사 포함],
99991231,20241126,HF1060000,1032B060,이중조영 [기본검사 포함],자기공명영상진단료(MRI-특수검사)/이중조영 [기본검사 포함],1032B,자기공명영상진단료(MRI-특수검사),1032B060,이중조영 [기본검사 포함],
99991231,20241126,HF1070000,1032B070,기능적 [기본검사 및 3차원자기공명영상 포함],자기공명영상진단료(MRI-특수검사)/기능적 [기본검사 및 3차원자기공명영상 포함],1032B,자기공명영상진단료(MRI-특수검사),1032B070,기능적 [기본검사 및 3차원자기공명영상 포함],
99991231,20241126,1051A,1051A,주사료,주사료,1051A,주사료,1051A,주사료,
99991231,20241126,KZ0010000,1051A010,알레르겐 면역요법,주사료/알레르겐 면역요법,1051A,주사료,1051A010,알레르겐 면역요법,
99991231,20241126,1070Z,1070Z,이학요법료,이학요법료,1070Z,이학요법료,1070Z,이학요법료,
99991231,20241126,MZ0010000,1070Z010,FIMS(Functional Intramuscular Stimulation),이학요법료/FIMS(Functional Intramuscular Stimulation),1070Z,이학요법료,1070Z010,FIMS(Functional Intramuscular Stimulation),
99991231,20241126,MZ0040000,1070Z020,이명재훈련치료,이학요법료/이명재훈련치료,1070Z,이학요법료,1070Z020,이명재훈련치료,
99991231,20241126,MZ0060000,1070Z030,언어치료,이학요법료/언어치료,1070Z,이학요법료,1070Z030,언어치료,
99991231,20241126,MZ0070000,1070Z040,신장분사치료,이학요법료/신장분사치료,1070Z,이학요법료,1070Z040,신장분사치료,
99991231,20241126,MX1220000,1070Z050,도수치료,이학요법료/도수치료,1070Z,이학요법료,1070Z050,도수치료,
99991231,20241126,1070Z060,1070Z060,증식치료,이학요법료/증식치료,1070Z,이학요법료,1070Z060,증식치료,
99991231,20241126,MY1420000,MY1420000,사지관절부위,이학요법료/증식치료/사지관절부위,1070Z,이학요법료,1070Z060,증식치료,
99991231,20241126,MY1430000,MY1430000,척추부위,이학요법료/증식치료/척추부위,1070Z,이학요법료,1070Z060,증식치료,
99991231,20241126,MX0330000,1070Z070,체외자기장 요실금치료[1일당],이학요법료/체외자기장 요실금치료[1일당],1070Z,이학요법료,1070Z070,체외자기장 요실금치료[1일당],
99991231,20241126,MZ0090000,1070Z080,전산화 인지재활치료[주의·기억],이학요법료/전산화 인지재활치료[주의·기억],1070Z,이학요법료,1070Z080,전산화 인지재활치료[주의·기억],
99991231,20241126,MZ0120000,1070Z090,비침습적 무통증 신호요법,이학요법료/비침습적 무통증 신호요법,1070Z,이학요법료,1070Z090,비침습적 무통증 신호요법,
99991231,20241126,1080Z,1080Z,정신요법료,정신요법료,1080Z,정신요법료,1080Z,정신요법료,
99991231,20241126,NZ0010000,1080Z010,광치료,정신요법료/광치료,1080Z,정신요법료,1080Z010,광치료,
99991231,20241126,1080Z020,1080Z020,기타 행동치료,정신요법료/기타 행동치료,1080Z,정신요법료,1080Z020,기타 행동치료,
99991231,20241126,NZ0090000,NZ0090000,신경발달중재치료,정신요법료/기타 행동치료/신경발달중재치료,1080Z,정신요법료,1080Z020,기타 행동치료,
99991231,20250414,NZ0100000,NZ0100000,심리적 재활중재치료,정신요법료/기타 행동치료/심리적 재활중재치료,1080Z,정신요법료,1080Z020,기타 행동치료,
99991231,20241126,NZ0110000,1080Z030,정신분석적 정신치료,정신요법료/정신분석적 정신치료,1080Z,정신요법료,1080Z030,정신분석적 정신치료,
99991231,20241126,1091A,1091A,처치 및 수술료(피부 및 연부조직),처치 및 수술료(피부 및 연부조직),1091A,처치 및 수술료(피부 및 연부조직),1091A,처치 및 수술료(피부 및 연부조직),
99991231,20241126,SZ0330000,1091A010,지방흡입기를 이용한 액취증·다한증수술,처치 및 수술료(피부 및 연부조직)/지방흡입기를 이용한 액취증·다한증수술,1091A,처치 및 수술료(피부 및 연부조직),1091A010,지방흡입기를 이용한 액취증·다한증수술,
99991231,20241126,SZ0350000,1091A020,레이저를 이용한 손발톱 진균증 치료,처치 및 수술료(피부 및 연부조직)/레이저를 이용한 손발톱 진균증 치료,1091A,처치 및 수술료(피부 및 연부조직),1091A020,레이저를 이용한 손발톱 진균증 치료,
99991231,20241126,1091B,1091B,처치 및 수술료(근골),처치 및 수술료(근골),1091B,처치 및 수술료(근골),1091B,처치 및 수술료(근골),
99991231,20241126,SZ0830000,1091B010,추간판내 고주파 열치료술,처치 및 수술료(근골)/추간판내 고주파 열치료술,1091B,처치 및 수술료(근골),1091B010,추간판내 고주파 열치료술,
99991231,20241126,SZ0840000,1091B020,체외충격파치료[근골격계질환],처치 및 수술료(근골)/체외충격파치료[근골격계질환],1091B,처치 및 수술료(근골),1091B020,체외충격파치료[근골격계질환],
99991231,20241126,1091B030,1091B030,자가 골수 줄기세포 치료,처치 및 수술료(근골)/자가 골수 줄기세포 치료,1091B,처치 및 수술료(근골),1091B030,자가 골수 줄기세포 치료,
99991231,20241126,SZ0850000,SZ0850000,"연골결손(동 행위를 위해 실시한 골수천자, 미세천공술 및 관절경 치료재료대 포함)","처치 및 수술료(근골)/자가 골수 줄기세포 치료/연골결손(동 행위를 위해 실시한 골수천자, 미세천공술 및 관절경 치료재료대 포함)",1091B,처치 및 수술료(근골),1091B030,자가 골수 줄기세포 치료,
99991231,20241126,1091C,1091C,처치 및 수술료(코),처치 및 수술료(코),1091C,처치 및 수술료(코),1091C,처치 및 수술료(코),
99991231,20241126,OZ1110000,1091C010,비밸브재건술,처치 및 수술료(코)/비밸브재건술,1091C,처치 및 수술료(코),1091C010,비밸브재건술,
99991231,20241126,1091D,1091D,처치 및 수술료(후두),처치 및 수술료(후두),1091D,처치 및 수술료(후두),1091D,처치 및 수술료(후두),
99991231,20241126,OZ1320000,1091D010,후두내시경하 펄스다이레이저 후두수술,처치 및 수술료(후두)/후두내시경하 펄스다이레이저 후두수술,1091D,처치 및 수술료(후두),1091D010,후두내시경하 펄스다이레이저 후두수술,
99991231,20241126,OZ1330000,1091D020,성대근내 보툴리늄 독소 주입술,처치 및 수술료(후두)/성대근내 보툴리늄 독소 주입술,1091D,처치 및 수술료(후두),1091D020,성대근내 보툴리늄 독소 주입술,
99991231,20241126,1091E,1091E,처치 및 수술료(순환기),처치 및 수술료(순환기),1091E,처치 및 수술료(순환기),1091E,처치 및 수술료(순환기),
99991231,20241126,1091E010,1091E010,고주파정맥내막폐쇄술[유도료 포함],처치 및 수술료(순환기)/고주파정맥내막폐쇄술[유도료 포함],1091E,처치 및 수술료(순환기),1091E010,고주파정맥내막폐쇄술[유도료 포함],
99991231,20241126,OY2010000,OY2010000,교통정맥결찰술을 동반한 경우,처치 및 수술료(순환기)/고주파정맥내막폐쇄술[유도료 포함]/교통정맥결찰술을 동반한 경우,1091E,처치 및 수술료(순환기),1091E010,고주파정맥내막폐쇄술[유도료 포함],
99991231,20241126,OY2020000,OY2020000,교통정맥결찰술을 동반하지 않은 경우,처치 및 수술료(순환기)/고주파정맥내막폐쇄술[유도료 포함]/교통정맥결찰술을 동반하지 않은 경우,1091E,처치 및 수술료(순환기),1091E010,고주파정맥내막폐쇄술[유도료 포함],
99991231,20241126,1091E020,1091E020,광투시정맥흡입제거술,처치 및 수술료(순환기)/광투시정맥흡입제거술,1091E,처치 및 수술료(순환기),1091E020,광투시정맥흡입제거술,
99991231,20241126,OY2030000,OY2030000,교통정맥결찰술을 동반한 경우,처치 및 수술료(순환기)/광투시정맥흡입제거술/교통정맥결찰술을 동반한 경우,1091E,처치 및 수술료(순환기),1091E020,광투시정맥흡입제거술,
99991231,20241126,OY2040000,OY2040000,교통정맥결찰술을 동반하지 않은 경우,처치 및 수술료(순환기)/광투시정맥흡입제거술/교통정맥결찰술을 동반하지 않은 경우,1091E,처치 및 수술료(순환기),1091E020,광투시정맥흡입제거술,
99991231,20241126,OZ3030000,1091E030,시아노아크릴레이트를 이용한 복재정맥 폐색술[유도료 포함],처치 및 수술료(순환기)/시아노아크릴레이트를 이용한 복재정맥 폐색술[유도료 포함],1091E,처치 및 수술료(순환기),1091E030,시아노아크릴레이트를 이용한 복재정맥 폐색술[유도료 포함],
99991231,20241126,OZ3040000,1091E040,레이저정맥폐쇄술[유도료 포함],처치 및 수술료(순환기)/레이저정맥폐쇄술[유도료 포함],1091E,처치 및 수술료(순환기),1091E040,레이저정맥폐쇄술[유도료 포함],
99991231,20241126,OZ3050000,1091E050,초음파 유도하 혈관경화요법,처치 및 수술료(순환기)/초음파 유도하 혈관경화요법,1091E,처치 및 수술료(순환기),1091E050,초음파 유도하 혈관경화요법,
99991231,20241126,1091F,1091F,"처치 및 수술료(입, 이하선)","처치 및 수술료(입, 이하선)",1091F,"처치 및 수술료(입, 이하선)",1091F,"처치 및 수술료(입, 이하선)",
99991231,20241126,QZ3730000,1091F010,이설근전진술,"처치 및 수술료(입, 이하선)/이설근전진술",1091F,"처치 및 수술료(입, 이하선)",1091F010,이설근전진술,
99991231,20241126,1091G,1091G,처치 및 수술료(비뇨기),처치 및 수술료(비뇨기),1091G,처치 및 수술료(비뇨기),1091G,처치 및 수술료(비뇨기),
99991231,20241126,RZ5110000,1091G010,고강도 초음파 집속술 [전립선암],처치 및 수술료(비뇨기)/고강도 초음파 집속술 [전립선암],1091G,처치 및 수술료(비뇨기),1091G010,고강도 초음파 집속술 [전립선암],
99991231,20241126,RZ5150000,1091G020,이식형 결찰사를 이용한 전립선 결찰,처치 및 수술료(비뇨기)/이식형 결찰사를 이용한 전립선 결찰,1091G,처치 및 수술료(비뇨기),1091G020,이식형 결찰사를 이용한 전립선 결찰,
99991231,20241126,1091H,1091H,"처치 및 수술료(여성생식기, 임신과 분만)","처치 및 수술료(여성생식기, 임신과 분만)",1091H,"처치 및 수술료(여성생식기, 임신과 분만)",1091H,"처치 및 수술료(여성생식기, 임신과 분만)",
99991231,20241126,RZ5640000,1091H010,고주파 자궁근종용해술,"처치 및 수술료(여성생식기, 임신과 분만)/고주파 자궁근종용해술",1091H,"처치 및 수술료(여성생식기, 임신과 분만)",1091H010,고주파 자궁근종용해술,
99991231,20241126,RZ5650000,1091H020,자기공명영상유도 하 고강도초음파집속술[자궁근종],"처치 및 수술료(여성생식기, 임신과 분만)/자기공명영상유도 하 고강도초음파집속술[자궁근종]",1091H,"처치 및 수술료(여성생식기, 임신과 분만)",1091H020,자기공명영상유도 하 고강도초음파집속술[자궁근종],
99991231,20241126,RZ5660000,1091H030,"초음파 유도하 고강도초음파집속술 [자궁근종, 자궁선근증]","처치 및 수술료(여성생식기, 임신과 분만)/초음파 유도하 고강도초음파집속술 [자궁근종, 자궁선근증]",1091H,"처치 및 수술료(여성생식기, 임신과 분만)",1091H030,"초음파 유도하 고강도초음파집속술 [자궁근종, 자궁선근증]",
99991231,20241126,1091I,1091I,처치 및 수술료(보조생식술),처치 및 수술료(보조생식술),1091I,처치 및 수술료(보조생식술),1091I,처치 및 수술료(보조생식술),
99991231,20241126,1091I010,1091I010,정자채취 및 처리,처치 및 수술료(보조생식술)/정자채취 및 처리,1091I,처치 및 수술료(보조생식술),1091I010,정자채취 및 처리,
99991231,20241126,RZ6400001,RZ6400001,정액,처치 및 수술료(보조생식술)/정자채취 및 처리/정액,1091I,처치 및 수술료(보조생식술),1091I010,정자채취 및 처리,
99991231,20241126,RZ6400002,RZ6400002,고환조직 [양측],처치 및 수술료(보조생식술)/정자채취 및 처리/고환조직 [양측],1091I,처치 및 수술료(보조생식술),1091I010,정자채취 및 처리,
99991231,20241126,1091I020,1091I020,난자채취 및 처리[양측][초음파 유도료 포함],처치 및 수술료(보조생식술)/난자채취 및 처리[양측][초음파 유도료 포함],1091I,처치 및 수술료(보조생식술),1091I020,난자채취 및 처리[양측][초음파 유도료 포함],
99991231,20241126,RZ6410001,RZ6410001,성숙난자,처치 및 수술료(보조생식술)/난자채취 및 처리[양측][초음파 유도료 포함]/성숙난자,1091I,처치 및 수술료(보조생식술),1091I020,난자채취 및 처리[양측][초음파 유도료 포함],
99991231,20241126,RZ6410002,RZ6410002,미성숙난자,처치 및 수술료(보조생식술)/난자채취 및 처리[양측][초음파 유도료 포함]/미성숙난자,1091I,처치 및 수술료(보조생식술),1091I020,난자채취 및 처리[양측][초음파 유도료 포함],
99991231,20241126,1091I030,1091I030,수정 및 확인,처치 및 수술료(보조생식술)/수정 및 확인,1091I,처치 및 수술료(보조생식술),1091I030,수정 및 확인,
99991231,20241126,RZ6420001,RZ6420001,일반 체외수정,처치 및 수술료(보조생식술)/수정 및 확인/일반 체외수정,1091I,처치 및 수술료(보조생식술),1091I030,수정 및 확인,
99991231,20241126,RZ6420002,RZ6420002,세포질내 정자주입술,처치 및 수술료(보조생식술)/수정 및 확인/세포질내 정자주입술,1091I,처치 및 수술료(보조생식술),1091I030,수정 및 확인,
99991231,20241126,1091I040,1091I040,해동,처치 및 수술료(보조생식술)/해동,1091I,처치 및 수술료(보조생식술),1091I040,해동,
99991231,20241126,RZ6430001,RZ6430001,정자,처치 및 수술료(보조생식술)/해동/정자,1091I,처치 및 수술료(보조생식술),1091I040,해동,
99991231,20241126,RZ6430002,RZ6430002,"기타(배아, 난자, 난소조직, 고환조직)","처치 및 수술료(보조생식술)/해동/기타(배아, 난자, 난소조직, 고환조직)",1091I,처치 및 수술료(보조생식술),1091I040,해동,
99991231,20241126,1091I050,1091I050,배아 배양 및 관찰,처치 및 수술료(보조생식술)/배아 배양 및 관찰,1091I,처치 및 수술료(보조생식술),1091I050,배아 배양 및 관찰,
99991231,20241126,RZ6440001,RZ6440001,수정확인 후 1~2일 배양,처치 및 수술료(보조생식술)/배아 배양 및 관찰/수정확인 후 1~2일 배양,1091I,처치 및 수술료(보조생식술),1091I050,배아 배양 및 관찰,
99991231,20241126,RZ6440002,RZ6440002,수정확인 후 3일이상 배양,처치 및 수술료(보조생식술)/배아 배양 및 관찰/수정확인 후 3일이상 배양,1091I,처치 및 수술료(보조생식술),1091I050,배아 배양 및 관찰,
99991231,20241126,1091I060,1091I060,배아 이식[초음파유도료 포함] ,처치 및 수술료(보조생식술)/배아 이식[초음파유도료 포함] ,1091I,처치 및 수술료(보조생식술),1091I060,배아 이식[초음파유도료 포함] ,
99991231,20241126,RZ6450001,RZ6450001,자궁경관을 통한 이식,처치 및 수술료(보조생식술)/배아 이식[초음파유도료 포함] /자궁경관을 통한 이식,1091I,처치 및 수술료(보조생식술),1091I060,배아 이식[초음파유도료 포함] ,
99991231,20241126,RZ6450002,RZ6450002,"난관내 이식 [접합자, 생식세포 포함]","처치 및 수술료(보조생식술)/배아 이식[초음파유도료 포함] /난관내 이식 [접합자, 생식세포 포함]",1091I,처치 및 수술료(보조생식술),1091I060,배아 이식[초음파유도료 포함] ,
99991231,20241126,RZ6450003,RZ6450003,경자궁근층 이식,처치 및 수술료(보조생식술)/배아 이식[초음파유도료 포함] /경자궁근층 이식,1091I,처치 및 수술료(보조생식술),1091I060,배아 이식[초음파유도료 포함] ,
99991231,20241126,RZ6460000,1091I070,자궁강내 정자주입술[초음파 유도료 포함],처치 및 수술료(보조생식술)/자궁강내 정자주입술[초음파 유도료 포함],1091I,처치 및 수술료(보조생식술),1091I070,자궁강내 정자주입술[초음파 유도료 포함],
99991231,20241126,RZ6470000,1091I080,배아 동결·보존,처치 및 수술료(보조생식술)/배아 동결·보존,1091I,처치 및 수술료(보조생식술),1091I080,배아 동결·보존,
99991231,20241126,1091J,1091J,처치 및 수술료(내분비기),처치 및 수술료(내분비기),1091J,처치 및 수술료(내분비기),1091J,처치 및 수술료(내분비기),
99991231,20241126,PZ6120000,1091J010,증상이 있는 갑상선양성결절의 고주파열치료술,처치 및 수술료(내분비기)/증상이 있는 갑상선양성결절의 고주파열치료술,1091J,처치 및 수술료(내분비기),1091J010,증상이 있는 갑상선양성결절의 고주파열치료술,
99991231,20241126,1091K,1091K,처치 및 수술료(신경),처치 및 수술료(신경),1091K,처치 및 수술료(신경),1091K,처치 및 수술료(신경),
99991231,20241126,SZ6310000,1091K010,내시경적 경막외강 신경근성형술,처치 및 수술료(신경)/내시경적 경막외강 신경근성형술,1091K,처치 및 수술료(신경),1091K010,내시경적 경막외강 신경근성형술,
99991231,20241126,SZ6340000,1091K020,경피적 경막외강 신경성형술,처치 및 수술료(신경)/경피적 경막외강 신경성형술,1091K,처치 및 수술료(신경),1091K020,경피적 경막외강 신경성형술,
99991231,20241126,SZ6410000,1091K030,경피적 풍선확장 경막외강 신경성형,처치 및 수술료(신경)/경피적 풍선확장 경막외강 신경성형,1091K,처치 및 수술료(신경),1091K030,경피적 풍선확장 경막외강 신경성형,
99991231,20241126,1091L,1091L,처치 및 수술료(간),처치 및 수술료(간),1091L,처치 및 수술료(간),1091L,처치 및 수술료(간),
99991231,20241126,QZ8440000,1091L010,간암의 초음파유도 고강도초음파 집속술,처치 및 수술료(간)/간암의 초음파유도 고강도초음파 집속술,1091L,처치 및 수술료(간),1091L010,간암의 초음파유도 고강도초음파 집속술,
99991231,20241126,1091M,1091M,처치 및 수술료(기타),처치 및 수술료(기타),1091M,처치 및 수술료(기타),1091M,처치 및 수술료(기타),
99991231,20241126,1091M010,1091M010,로봇 보조 수술 [시술시 소요재료 포함]-다빈치 기기,처치 및 수술료(기타)/로봇 보조 수술 [시술시 소요재료 포함]-다빈치 기기,1091M,처치 및 수술료(기타),1091M010,로봇 보조 수술 [시술시 소요재료 포함]-다빈치 기기,
99991231,20241126,QZ9610002,QZ9610002,갑상선악성종양근치수술(갑상선암),처치 및 수술료(기타)/로봇 보조 수술 [시술시 소요재료 포함]-다빈치 기기/갑상선악성종양근치수술(갑상선암),1091M,처치 및 수술료(기타),1091M010,로봇 보조 수술 [시술시 소요재료 포함]-다빈치 기기,
99991231,20241126,QZ9610009,QZ9610009,근치적전립선적출술(전립선암),처치 및 수술료(기타)/로봇 보조 수술 [시술시 소요재료 포함]-다빈치 기기/근치적전립선적출술(전립선암),1091M,처치 및 수술료(기타),1091M010,로봇 보조 수술 [시술시 소요재료 포함]-다빈치 기기,
99991231,20241126,QZ9620000,1091M020,경두개자기자극술,처치 및 수술료(기타)/경두개자기자극술,1091M,처치 및 수술료(기타),1091M020,경두개자기자극술,
99991231,20241126,1100Z,1100Z,치과 처치· 수술료,치과 처치· 수술료,1100Z,치과 처치· 수술료,1100Z,치과 처치· 수술료,
99991231,20241126,1100Z010,1100Z010,인레이(Inlay) 및 온레이(Onlay) 간접충전(금 등을 사용한 충전치료)-인레이,치과 처치· 수술료/인레이(Inlay) 및 온레이(Onlay) 간접충전(금 등을 사용한 충전치료)-인레이,1100Z,치과 처치· 수술료,1100Z010,인레이(Inlay) 및 온레이(Onlay) 간접충전(금 등을 사용한 충전치료)-인레이,
99991231,20241126,UZ0040011,UZ0040011,금,치과 처치· 수술료/인레이(Inlay) 및 온레이(Onlay) 간접충전(금 등을 사용한 충전치료)-인레이/금,1100Z,치과 처치· 수술료,1100Z010,인레이(Inlay) 및 온레이(Onlay) 간접충전(금 등을 사용한 충전치료)-인레이,
99991231,20241126,UZ0040012,UZ0040012,레진,치과 처치· 수술료/인레이(Inlay) 및 온레이(Onlay) 간접충전(금 등을 사용한 충전치료)-인레이/레진,1100Z,치과 처치· 수술료,1100Z010,인레이(Inlay) 및 온레이(Onlay) 간접충전(금 등을 사용한 충전치료)-인레이,
99991231,20241126,UZ0040013,UZ0040013,도재-세라믹,치과 처치· 수술료/인레이(Inlay) 및 온레이(Onlay) 간접충전(금 등을 사용한 충전치료)-인레이/도재-세라믹,1100Z,치과 처치· 수술료,1100Z010,인레이(Inlay) 및 온레이(Onlay) 간접충전(금 등을 사용한 충전치료)-인레이,
99991231,20241126,UZ0040014,UZ0040014,도재-CAD/CAM 세라믹,치과 처치· 수술료/인레이(Inlay) 및 온레이(Onlay) 간접충전(금 등을 사용한 충전치료)-인레이/도재-CAD/CAM 세라믹,1100Z,치과 처치· 수술료,1100Z010,인레이(Inlay) 및 온레이(Onlay) 간접충전(금 등을 사용한 충전치료)-인레이,
99991231,20241126,1100Z020,1100Z020,인레이(Inlay) 및 온레이(Onlay) 간접충전(금 등을 사용한 충전치료)-온레이,치과 처치· 수술료/인레이(Inlay) 및 온레이(Onlay) 간접충전(금 등을 사용한 충전치료)-온레이,1100Z,치과 처치· 수술료,1100Z020,인레이(Inlay) 및 온레이(Onlay) 간접충전(금 등을 사용한 충전치료)-온레이,
99991231,20241126,UZ0040021,UZ0040021,금,치과 처치· 수술료/인레이(Inlay) 및 온레이(Onlay) 간접충전(금 등을 사용한 충전치료)-온레이/금,1100Z,치과 처치· 수술료,1100Z020,인레이(Inlay) 및 온레이(Onlay) 간접충전(금 등을 사용한 충전치료)-온레이,
99991231,20241126,UZ0040022,UZ0040022,레진,치과 처치· 수술료/인레이(Inlay) 및 온레이(Onlay) 간접충전(금 등을 사용한 충전치료)-온레이/레진,1100Z,치과 처치· 수술료,1100Z020,인레이(Inlay) 및 온레이(Onlay) 간접충전(금 등을 사용한 충전치료)-온레이,
99991231,20241126,UZ0040023,UZ0040023,도재-세라믹,치과 처치· 수술료/인레이(Inlay) 및 온레이(Onlay) 간접충전(금 등을 사용한 충전치료)-온레이/도재-세라믹,1100Z,치과 처치· 수술료,1100Z020,인레이(Inlay) 및 온레이(Onlay) 간접충전(금 등을 사용한 충전치료)-온레이,
99991231,20241126,UZ0040024,UZ0040024,도재-CAD/CAM 세라믹,치과 처치· 수술료/인레이(Inlay) 및 온레이(Onlay) 간접충전(금 등을 사용한 충전치료)-온레이/도재-CAD/CAM 세라믹,1100Z,치과 처치· 수술료,1100Z020,인레이(Inlay) 및 온레이(Onlay) 간접충전(금 등을 사용한 충전치료)-온레이,
99991231,20241126,1100Z030,1100Z030,광중합형 복합레진 충전,치과 처치· 수술료/광중합형 복합레진 충전,1100Z,치과 처치· 수술료,1100Z030,광중합형 복합레진 충전,
99991231,20241126,U02390000,U02390000,우식-1면,치과 처치· 수술료/광중합형 복합레진 충전/우식-1면,1100Z,치과 처치· 수술료,1100Z030,광중합형 복합레진 충전,
99991231,20241126,U02400000,U02400000,우식-2면,치과 처치· 수술료/광중합형 복합레진 충전/우식-2면,1100Z,치과 처치· 수술료,1100Z030,광중합형 복합레진 충전,
99991231,20241126,U02410000,U02410000,우식-3면 이상,치과 처치· 수술료/광중합형 복합레진 충전/우식-3면 이상,1100Z,치과 처치· 수술료,1100Z030,광중합형 복합레진 충전,
99991231,20241126,UZ0050001,UZ0050001,마모,치과 처치· 수술료/광중합형 복합레진 충전/마모,1100Z,치과 처치· 수술료,1100Z030,광중합형 복합레진 충전,
99991231,20241126,UZ0050002,UZ0050002,파절 등,치과 처치· 수술료/광중합형 복합레진 충전/파절 등,1100Z,치과 처치· 수술료,1100Z030,광중합형 복합레진 충전,
99991231,20241126,1100Z040,1100Z040,치석제거,치과 처치· 수술료/치석제거,1100Z,치과 처치· 수술료,1100Z040,치석제거,
99991231,20241126,UW3021017,UW3021017,1/3악당,치과 처치· 수술료/치석제거/1/3악당,1100Z,치과 처치· 수술료,1100Z040,치석제거,
99991231,20241126,UW3021027,UW3021027,상악,치과 처치· 수술료/치석제거/상악,1100Z,치과 처치· 수술료,1100Z040,치석제거,
99991231,20241126,UW3021037,UW3021037,하악,치과 처치· 수술료/치석제거/하악,1100Z,치과 처치· 수술료,1100Z040,치석제거,
99991231,20241126,UW3021047,UW3021047,전악,치과 처치· 수술료/치석제거/전악,1100Z,치과 처치· 수술료,1100Z040,치석제거,
99991231,20241126,UZ0820000,1100Z050,자가치아 이식술,치과 처치· 수술료/자가치아 이식술,1100Z,치과 처치· 수술료,1100Z050,자가치아 이식술,
99991231,20241126,1100Z060,1100Z060,잇몸웃음교정술,치과 처치· 수술료/잇몸웃음교정술,1100Z,치과 처치· 수술료,1100Z060,잇몸웃음교정술,
99991231,20241126,UZ1120001,UZ1120001,잇몸절제,치과 처치· 수술료/잇몸웃음교정술/잇몸절제,1100Z,치과 처치· 수술료,1100Z060,잇몸웃음교정술,
99991231,20241126,UZ1120002,UZ1120002,치조골 삭제,치과 처치· 수술료/잇몸웃음교정술/치조골 삭제,1100Z,치과 처치· 수술료,1100Z060,잇몸웃음교정술,
99991231,20241126,1130Z,1130Z,한방검사료,한방검사료,1130Z,한방검사료,1130Z,한방검사료,
99991231,20241126,290020000,1130Z010,골도법검사,한방검사료/골도법검사,1130Z,한방검사료,1130Z010,골도법검사,
99991231,20241126,1130Z020,1130Z020,사상체질검사,한방검사료/사상체질검사,1130Z,한방검사료,1130Z020,사상체질검사,
99991231,20241126,290610000,290610000,QSCCII 설문지에 의한 심성검사,한방검사료/사상체질검사/QSCCII 설문지에 의한 심성검사,1130Z,한방검사료,1130Z020,사상체질검사,
99991231,20241126,290620000,290620000,QSCCII 설문지에 의한 심성검사 및 상담,한방검사료/사상체질검사/QSCCII 설문지에 의한 심성검사 및 상담,1130Z,한방검사료,1130Z020,사상체질검사,
99991231,20241126,290700000,1130Z030,혈맥어혈검사(맥파전달속도측정),한방검사료/혈맥어혈검사(맥파전달속도측정),1130Z,한방검사료,1130Z030,혈맥어혈검사(맥파전달속도측정),
99991231,20241126,280100000,1130Z040,경근무늬측정검사,한방검사료/경근무늬측정검사,1130Z,한방검사료,1130Z040,경근무늬측정검사,
99991231,20241126,1130Z050,1130Z050,경피온열검사,한방검사료/경피온열검사,1130Z,한방검사료,1130Z050,경피온열검사,
99991231,20241126,2L0400001,2L0400001,전신,한방검사료/경피온열검사/전신,1130Z,한방검사료,1130Z050,경피온열검사,
99991231,20241126,2L0400002,2L0400002,부분,한방검사료/경피온열검사/부분,1130Z,한방검사료,1130Z050,경피온열검사,
99991231,20241126,1140Z,1140Z,한방 시술 및 처치료,한방 시술 및 처치료,1140Z,한방 시술 및 처치료,1140Z,한방 시술 및 처치료,
99991231,20241126,1140Z010,1140Z010,약침술,한방 시술 및 처치료/약침술,1140Z,한방 시술 및 처치료,1140Z010,약침술,
99991231,20241126,490100000,490100000,경혈,한방 시술 및 처치료/약침술/경혈,1140Z,한방 시술 및 처치료,1140Z010,약침술,
99991231,20241126,1140Z020,1140Z020,추나요법,한방 시술 및 처치료/추나요법,1140Z,한방 시술 및 처치료,1140Z020,추나요법,
99991231,20241126,407100000,407100000,단순추나,한방 시술 및 처치료/추나요법/단순추나,1140Z,한방 시술 및 처치료,1140Z020,추나요법,
99991231,20241126,407200000,407200000,복잡추나,한방 시술 및 처치료/추나요법/복잡추나,1140Z,한방 시술 및 처치료,1140Z020,추나요법,
99991231,20241126,407300001,407300001,특수(탈구)추나,한방 시술 및 처치료/추나요법/특수(탈구)추나,1140Z,한방 시술 및 처치료,1140Z020,추나요법,
99991231,20241126,407300002,407300002,"특수(내장기, 두개천골)추나","한방 시술 및 처치료/추나요법/특수(내장기, 두개천골)추나",1140Z,한방 시술 및 처치료,1140Z020,추나요법,
99991231,20241126,1140Z030,1140Z030,한방물리요법,한방 시술 및 처치료/한방물리요법,1140Z,한방 시술 및 처치료,1140Z030,한방물리요법,
99991231,20241126,490200001,490200001,경피전기자극요법,한방 시술 및 처치료/한방물리요법/경피전기자극요법,1140Z,한방 시술 및 처치료,1140Z030,한방물리요법,
99991231,20241126,490200002,490200002,경근간섭저주파요법,한방 시술 및 처치료/한방물리요법/경근간섭저주파요법,1140Z,한방 시술 및 처치료,1140Z030,한방물리요법,
99991231,20241126,490200003,490200003,기타,한방 시술 및 처치료/한방물리요법/기타,1140Z,한방 시술 및 처치료,1140Z030,한방물리요법,
99991231,20241126,480510000,1140Z040,한방 향기요법,한방 시술 및 처치료/한방 향기요법,1140Z,한방 시술 및 처치료,1140Z040,한방 향기요법,
99991231,20241126,591040000,1140Z050,자율훈련법,한방 시술 및 처치료/자율훈련법,1140Z,한방 시술 및 처치료,1140Z050,자율훈련법,
99991231,20241126,1180Z,1180Z,치과의 보철료,치과의 보철료,1180Z,치과의 보철료,1180Z,치과의 보철료,
99991231,20241126,1180Z010,1180Z010,치과임플란트(1치당),치과의 보철료/치과임플란트(1치당),1180Z,치과의 보철료,1180Z010,치과임플란트(1치당),
99991231,20241126,UB0010001,UB0010001,기타,치과의 보철료/치과임플란트(1치당)/기타,1180Z,치과의 보철료,1180Z010,치과임플란트(1치당),
99991231,20241126,UB0010011,UB0010011,Metal,치과의 보철료/치과임플란트(1치당)/Metal,1180Z,치과의 보철료,1180Z010,치과임플란트(1치당),
99991231,20241126,UB0010012,UB0010012,PFM,치과의 보철료/치과임플란트(1치당)/PFM,1180Z,치과의 보철료,1180Z010,치과임플란트(1치당),
99991231,20241126,UB0010021,UB0010021,Gold,치과의 보철료/치과임플란트(1치당)/Gold,1180Z,치과의 보철료,1180Z010,치과임플란트(1치당),
99991231,20241126,UB0010022,UB0010022,PFG,치과의 보철료/치과임플란트(1치당)/PFG,1180Z,치과의 보철료,1180Z010,치과임플란트(1치당),
99991231,20241126,UB0010041,UB0010041,올세라믹,치과의 보철료/치과임플란트(1치당)/올세라믹,1180Z,치과의 보철료,1180Z010,치과임플란트(1치당),
99991231,20241126,UB0010051,UB0010051,Zirconia,치과의 보철료/치과임플란트(1치당)/Zirconia,1180Z,치과의 보철료,1180Z010,치과임플란트(1치당),
99991231,20241126,1180Z020,1180Z020,크라운,치과의 보철료/크라운,1180Z,치과의 보철료,1180Z020,크라운,
99991231,20241126,UW607F310,UW607F310,Metal,치과의 보철료/크라운/Metal,1180Z,치과의 보철료,1180Z020,크라운,
99991231,20241126,UW607F320,UW607F320,Gold,치과의 보철료/크라운/Gold,1180Z,치과의 보철료,1180Z020,크라운,
99991231,20241126,1991A,1991A,모발이식술료,모발이식술료,1991A,모발이식술료,1991A,모발이식술료,
99991231,20241126,1991A010,1991A010,모발이식술,모발이식술료/모발이식술,1991A,모발이식술료,1991A010,모발이식술,
99991231,20241126,1Z9230001,1Z9230001,500모미만,모발이식술료/모발이식술/500모미만,1991A,모발이식술료,1991A010,모발이식술,
99991231,20241126,1Z9230002,1Z9230002,"500모~1,000모미만","모발이식술료/모발이식술/500모~1,000모미만",1991A,모발이식술료,1991A010,모발이식술,
99991231,20241126,1Z9230003,1Z9230003,"1,000모~2,000모미만","모발이식술료/모발이식술/1,000모~2,000모미만",1991A,모발이식술료,1991A010,모발이식술,
99991231,20241126,1Z9230004,1Z9230004,"2,000모이상","모발이식술료/모발이식술/2,000모이상",1991A,모발이식술료,1991A010,모발이식술,
99991231,20241126,1Z9231001,1Z9231001,1모당,모발이식술료/모발이식술/1모당,1991A,모발이식술료,1991A010,모발이식술,
99991231,20241126,1991B,1991B,시력교정술료,시력교정술료,1991B,시력교정술료,1991B,시력교정술료,
99991231,20241126,2Z9610001,1991B010,레이저각막절삭성형술(라식),시력교정술료/레이저각막절삭성형술(라식),1991B,시력교정술료,1991B010,레이저각막절삭성형술(라식),
99991231,20241126,2Z9620001,1991B020,레이저각막상피절삭성형술(라섹),시력교정술료/레이저각막상피절삭성형술(라섹),1991B,시력교정술료,1991B020,레이저각막상피절삭성형술(라섹),
99991231,20241126,UW608F310,UW608F310,PFM,치과의 보철료/크라운/PFM,1180Z,치과의 보철료,1180Z020,크라운,
99991231,20241126,UW608F320,UW608F320,PFG,치과의 보철료/크라운/PFG,1180Z,치과의 보철료,1180Z020,크라운,
99991231,20241126,UW609F340,UW609F340,올세라믹,치과의 보철료/크라운/올세라믹,1180Z,치과의 보철료,1180Z020,크라운,
99991231,20241126,UW609F350,UW609F350,Zirconia,치과의 보철료/크라운/Zirconia,1180Z,치과의 보철료,1180Z020,크라운,
99991231,20241126,UW613F300,UW613F300,기타,치과의 보철료/크라운/기타,1180Z,치과의 보철료,1180Z020,크라운,
99991231,20241126,1991C,1991C,예방접종료,예방접종료,1991C,예방접종료,1991C,예방접종료,
99991231,20241126,1991C010,1991C010,대상포진,예방접종료/대상포진,1991C,예방접종료,1991C010,대상포진,
99991231,20241126,3Z5200301,3Z5200301,스카이조스터주,예방접종료/대상포진/스카이조스터주,1991C,예방접종료,1991C010,대상포진,
99991231,20241126,3Z5200302,3Z5200302,조스타박스주,예방접종료/대상포진/조스타박스주,1991C,예방접종료,1991C010,대상포진,
99991231,20241126,3Z5200303,3Z5200303,싱그릭스주,예방접종료/대상포진/싱그릭스주,1991C,예방접종료,1991C010,대상포진,
99991231,20241126,1991C020,1991C020,수두,예방접종료/수두,1991C,예방접종료,1991C020,수두,
99991231,20241126,3Z5200701,3Z5200701,바리-엘백신,예방접종료/수두/바리-엘백신,1991C,예방접종료,1991C020,수두,
99991231,20241126,3Z5200702,3Z5200702,스카이바리셀라주,예방접종료/수두/스카이바리셀라주,1991C,예방접종료,1991C020,수두,
99991231,20241126,3Z5200703,3Z5200703,수두박스주,예방접종료/수두/수두박스주,1991C,예방접종료,1991C020,수두,
99991231,20241126,3Z5200704,3Z5200704,배리셀라주,예방접종료/수두/배리셀라주,1991C,예방접종료,1991C020,수두,
99991231,20241126,1991C030,1991C030,수막구균,예방접종료/수막구균,1991C,예방접종료,1991C030,수막구균,
99991231,20241126,3Z5200801,3Z5200801,멘비오,예방접종료/수막구균/멘비오,1991C,예방접종료,1991C030,수막구균,
99991231,20241126,3Z5200802,3Z5200802,메낙트라주,예방접종료/수막구균/메낙트라주,1991C,예방접종료,1991C030,수막구균,
99991231,20250414,3Z5200803,3Z5200803,벡세로프리필드시린지,예방접종료/수막구균/벡세로프리필드시린지,1991C,예방접종료,1991C030,수막구균,
99991231,20241126,1991C040,1991C040,신증후군출혈열,예방접종료/신증후군출혈열,1991C,예방접종료,1991C040,신증후군출혈열,
99991231,20241126,3Z5200901,3Z5200901,한타박스주 0.5ml,예방접종료/신증후군출혈열/한타박스주 0.5ml,1991C,예방접종료,1991C040,신증후군출혈열,
99991231,20241126,1991C050,1991C050,사람유두종바이러스 감염증(HPV 백신),예방접종료/사람유두종바이러스 감염증(HPV 백신),1991C,예방접종료,1991C050,사람유두종바이러스 감염증(HPV 백신),
99991231,20241126,3Z5201001,3Z5201001,서바릭스프리필드시린지,예방접종료/사람유두종바이러스 감염증(HPV 백신)/서바릭스프리필드시린지,1991C,예방접종료,1991C050,사람유두종바이러스 감염증(HPV 백신),
99991231,20241126,3Z5201002,3Z5201002,가다실 프리필드시린지,예방접종료/사람유두종바이러스 감염증(HPV 백신)/가다실 프리필드시린지,1991C,예방접종료,1991C050,사람유두종바이러스 감염증(HPV 백신),
99991231,20241126,3Z5201003,3Z5201003,가다실9프리필드시린지,예방접종료/사람유두종바이러스 감염증(HPV 백신)/가다실9프리필드시린지,1991C,예방접종료,1991C050,사람유두종바이러스 감염증(HPV 백신),
99991231,20241126,3Z5201004,3Z5201004,가다실 주,예방접종료/사람유두종바이러스 감염증(HPV 백신)/가다실 주,1991C,예방접종료,1991C050,사람유두종바이러스 감염증(HPV 백신),
99991231,20241126,3Z5201005,3Z5201005,가다실9주,예방접종료/사람유두종바이러스 감염증(HPV 백신)/가다실9주,1991C,예방접종료,1991C050,사람유두종바이러스 감염증(HPV 백신),
99991231,20241126,1991C060,1991C060,인플루엔자(독감),예방접종료/인플루엔자(독감),1991C,예방접종료,1991C060,인플루엔자(독감),
99991231,20241126,3Z5201101,3Z5201101,스카이셀플루4가프리필드시린지,예방접종료/인플루엔자(독감)/스카이셀플루4가프리필드시린지,1991C,예방접종료,1991C060,인플루엔자(독감),
99991231,20241126,3Z5201102,3Z5201102,테라텍트프리필드시린지주,예방접종료/인플루엔자(독감)/테라텍트프리필드시린지주,1991C,예방접종료,1991C060,인플루엔자(독감),
99991231,20241126,3Z5201103,3Z5201103,비알플루텍I테트라백신주,예방접종료/인플루엔자(독감)/비알플루텍I테트라백신주,1991C,예방접종료,1991C060,인플루엔자(독감),
99991231,20241126,3Z5201106,3Z5201106,지씨플루쿼드리밸런트프리필드시린지주,예방접종료/인플루엔자(독감)/지씨플루쿼드리밸런트프리필드시린지주,1991C,예방접종료,1991C060,인플루엔자(독감),
99991231,20241126,3Z5201107,3Z5201107,코박스플루4가PF주,예방접종료/인플루엔자(독감)/코박스플루4가PF주,1991C,예방접종료,1991C060,인플루엔자(독감),
99991231,20241126,3Z5201108,3Z5201108,코박스인플루4가PF주,예방접종료/인플루엔자(독감)/코박스인플루4가PF주,1991C,예방접종료,1991C060,인플루엔자(독감),
99991231,20241126,3Z5201109,3Z5201109,플루아릭스테트라프리필드시린지,예방접종료/인플루엔자(독감)/플루아릭스테트라프리필드시린지,1991C,예방접종료,1991C060,인플루엔자(독감),
99991231,20241126,3Z5201110,3Z5201110,박씨그리프테트라주,예방접종료/인플루엔자(독감)/박씨그리프테트라주,1991C,예방접종료,1991C060,인플루엔자(독감),
99991231,20241126,3Z5201111,3Z5201111,보령플루Ⅴ테트라백신주,예방접종료/인플루엔자(독감)/보령플루Ⅴ테트라백신주,1991C,예방접종료,1991C060,인플루엔자(독감),
99991231,20241126,3Z5201112,3Z5201112,보령플루Ⅷ테트라백신주,예방접종료/인플루엔자(독감)/보령플루Ⅷ테트라백신주,1991C,예방접종료,1991C060,인플루엔자(독감),
99991231,20241126,3Z5201114,3Z5201114,플루아드쿼드프리필드시린지,예방접종료/인플루엔자(독감)/플루아드쿼드프리필드시린지,1991C,예방접종료,1991C060,인플루엔자(독감),
99991231,20241126,1991C070,1991C070,일본뇌염,예방접종료/일본뇌염,1991C,예방접종료,1991C070,일본뇌염,
99991231,20241126,3Z5201201,3Z5201201,녹십자-세포배양일본뇌염백신주 0.4mL,예방접종료/일본뇌염/녹십자-세포배양일본뇌염백신주 0.4mL,1991C,예방접종료,1991C070,일본뇌염,
99991231,20241126,3Z5201202,3Z5201202,녹십자-세포배양일본뇌염백신주 0.7mL,예방접종료/일본뇌염/녹십자-세포배양일본뇌염백신주 0.7mL,1991C,예방접종료,1991C070,일본뇌염,
99991231,20241126,3Z5201203,3Z5201203,보령세포배양일본뇌염백신주 0.4mL,예방접종료/일본뇌염/보령세포배양일본뇌염백신주 0.4mL,1991C,예방접종료,1991C070,일본뇌염,
99991231,20241126,3Z5201204,3Z5201204,보령세포배양일본뇌염백신주 0.7mL,예방접종료/일본뇌염/보령세포배양일본뇌염백신주 0.7mL,1991C,예방접종료,1991C070,일본뇌염,
99991231,20241126,3Z5201301,3Z5201301,씨디.제박스,예방접종료/일본뇌염/씨디.제박스,1991C,예방접종료,1991C070,일본뇌염,
99991231,20241126,3Z5201302,3Z5201302,이모젭주,예방접종료/일본뇌염/이모젭주,1991C,예방접종료,1991C070,일본뇌염,
99991231,20241126,1991C080,1991C080,장티푸스,예방접종료/장티푸스,1991C,예방접종료,1991C080,장티푸스,
99991231,20241126,3Z5201401,3Z5201401,지로티프-주,예방접종료/장티푸스/지로티프-주,1991C,예방접종료,1991C080,장티푸스,
99991231,20241126,3Z5201402,3Z5201402,비보티프캡슐,예방접종료/장티푸스/비보티프캡슐,1991C,예방접종료,1991C080,장티푸스,
99991231,20241126,1991C090,1991C090,"Td(파상풍, 디프테리아)","예방접종료/Td(파상풍, 디프테리아)",1991C,예방접종료,1991C090,"Td(파상풍, 디프테리아)",
99991231,20241126,3Z5201502,3Z5201502,녹십자티디백신프리필드시린지주,"예방접종료/Td(파상풍, 디프테리아)/녹십자티디백신프리필드시린지주",1991C,예방접종료,1991C090,"Td(파상풍, 디프테리아)",
99991231,20241126,3Z5201504,3Z5201504,디티부스터주,"예방접종료/Td(파상풍, 디프테리아)/디티부스터주",1991C,예방접종료,1991C090,"Td(파상풍, 디프테리아)",
99991231,20241126,1991C100,1991C100,"Tdap(파상풍, 디프테리아, 백일해)","예방접종료/Tdap(파상풍, 디프테리아, 백일해)",1991C,예방접종료,1991C100,"Tdap(파상풍, 디프테리아, 백일해)",
99991231,20241126,3Z5201601,3Z5201601,부스트릭스프리필드시린지,"예방접종료/Tdap(파상풍, 디프테리아, 백일해)/부스트릭스프리필드시린지",1991C,예방접종료,1991C100,"Tdap(파상풍, 디프테리아, 백일해)",
99991231,20241126,3Z5201602,3Z5201602,아다셀주,"예방접종료/Tdap(파상풍, 디프테리아, 백일해)/아다셀주",1991C,예방접종료,1991C100,"Tdap(파상풍, 디프테리아, 백일해)",
99991231,20250414,3Z5201603,3Z5201603,아다셀프리필드시린지,"예방접종료/Tdap(파상풍, 디프테리아, 백일해)/아다셀프리필드시린지",1991C,예방접종료,1991C100,"Tdap(파상풍, 디프테리아, 백일해)",
99991231,20241126,1991C110,1991C110,폐렴구균,예방접종료/폐렴구균,1991C,예방접종료,1991C110,폐렴구균,
99991231,20241126,3Z5201701,3Z5201701,프리베나13주,예방접종료/폐렴구균/프리베나13주,1991C,예방접종료,1991C110,폐렴구균,
99991231,20241126,3Z5201702,3Z5201702,신플로릭스프리필드시린지,예방접종료/폐렴구균/신플로릭스프리필드시린지,1991C,예방접종료,1991C110,폐렴구균,
99991231,20241126,3Z5201703,3Z5201703,프로디악스-23,예방접종료/폐렴구균/프로디악스-23,1991C,예방접종료,1991C110,폐렴구균,
99991231,20241126,3Z5201704,3Z5201704,프로디악스-23프리필드시린지,예방접종료/폐렴구균/프로디악스-23프리필드시린지,1991C,예방접종료,1991C110,폐렴구균,
99991231,20250414,3Z5201705,3Z5201705,박스뉴반스프리필드시린지,예방접종료/폐렴구균/박스뉴반스프리필드시린지,1991C,예방접종료,1991C110,폐렴구균,
99991231,20241126,1991C120,1991C120,홍역/유행성이하선염/풍진,예방접종료/홍역/유행성이하선염/풍진,1991C,예방접종료,1991C120,홍역/유행성이하선염/풍진,
99991231,20241126,3Z5201901,3Z5201901,엠엠알II,예방접종료/홍역/유행성이하선염/풍진/엠엠알II,1991C,예방접종료,1991C120,홍역/유행성이하선염/풍진,
99991231,20241126,3Z5201902,3Z5201902,프리오릭스주,예방접종료/홍역/유행성이하선염/풍진/프리오릭스주,1991C,예방접종료,1991C120,홍역/유행성이하선염/풍진,
99991231,20241126,1991C130,1991C130,A형간염,예방접종료/A형간염,1991C,예방접종료,1991C130,A형간염,
99991231,20241126,3Z5202001,3Z5202001,하브릭스주 0.5ml,예방접종료/A형간염/하브릭스주 0.5ml,1991C,예방접종료,1991C130,A형간염,
99991231,20241126,3Z5202002,3Z5202002,하브릭스주 1.0ml,예방접종료/A형간염/하브릭스주 1.0ml,1991C,예방접종료,1991C130,A형간염,
99991231,20241126,3Z5202005,3Z5202005,박타주 0.5ml,예방접종료/A형간염/박타주 0.5ml,1991C,예방접종료,1991C130,A형간염,
99991231,20241126,3Z5202006,3Z5202006,박타주 1.0mL,예방접종료/A형간염/박타주 1.0mL,1991C,예방접종료,1991C130,A형간염,
99991231,20241126,3Z5202007,3Z5202007,박타프리필드시린지 0.5ml,예방접종료/A형간염/박타프리필드시린지 0.5ml,1991C,예방접종료,1991C130,A형간염,
99991231,20241126,3Z5202008,3Z5202008,박타프리필드시린지 1.0ml,예방접종료/A형간염/박타프리필드시린지 1.0ml,1991C,예방접종료,1991C130,A형간염,
99991231,20241126,3Z5202009,3Z5202009,아박심80U소아용주,예방접종료/A형간염/아박심80U소아용주,1991C,예방접종료,1991C130,A형간염,
99991231,20241126,3Z5202010,3Z5202010,아박심160U성인용주,예방접종료/A형간염/아박심160U성인용주,1991C,예방접종료,1991C130,A형간염,
99991231,20241126,3Z5202011,3Z5202011,보령A형간염백신프리필드시린지주 0.5mL,예방접종료/A형간염/보령A형간염백신프리필드시린지주 0.5mL,1991C,예방접종료,1991C130,A형간염,
99991231,20241126,3Z5202012,3Z5202012,보령A형간염백신프리필드시린지주 1.0mL,예방접종료/A형간염/보령A형간염백신프리필드시린지주 1.0mL,1991C,예방접종료,1991C130,A형간염,
99991231,20241126,1991C140,1991C140,B형간염,예방접종료/B형간염,1991C,예방접종료,1991C140,B형간염,
99991231,20241126,3Z5202104,3Z5202104,헤파뮨주 0.5mL,예방접종료/B형간염/헤파뮨주 0.5mL,1991C,예방접종료,1991C140,B형간염,
99991231,20241126,3Z5202105,3Z5202105,헤파뮨프리필드시린지 1.0mL,예방접종료/B형간염/헤파뮨프리필드시린지 1.0mL,1991C,예방접종료,1991C140,B형간염,
99991231,20241126,3Z5202106,3Z5202106,유박스비주 0.5mL,예방접종료/B형간염/유박스비주 0.5mL,1991C,예방접종료,1991C140,B형간염,
99991231,20241126,3Z5202107,3Z5202107,유박스비주 1.0mL,예방접종료/B형간염/유박스비주 1.0mL,1991C,예방접종료,1991C140,B형간염,
99991231,20241126,3Z5202108,3Z5202108,유박스비 프리필드주 1.0mL,예방접종료/B형간염/유박스비 프리필드주 1.0mL,1991C,예방접종료,1991C140,B형간염,
99991231,20241126,3Z5202109,3Z5202109,헤파뮨주 1.0mL,예방접종료/B형간염/헤파뮨주 1.0mL,1991C,예방접종료,1991C140,B형간염,
99991231,20241126,1991C150,1991C150,b형헤모필루스인플루엔자,예방접종료/b형헤모필루스인플루엔자,1991C,예방접종료,1991C150,b형헤모필루스인플루엔자,
99991231,20241126,3Z5202201,3Z5202201,유히브주,예방접종료/b형헤모필루스인플루엔자/유히브주,1991C,예방접종료,1991C150,b형헤모필루스인플루엔자,
99991231,20241126,1992A,1992A,치료재료,치료재료,1992A,치료재료,1992A,치료재료,
99991231,20241126,1992A010,1992A010,갑상선 양성결절의 고주파 열치료용,치료재료/갑상선 양성결절의 고주파 열치료용,1992A,치료재료,1992A010,갑상선 양성결절의 고주파 열치료용,
99991231,20250414,BJ4700IG,BJ4700IG,TRIDENT HYBRID CANNULA,치료재료/갑상선 양성결절의 고주파 열치료용/TRIDENT HYBRID CANNULA,1992A,치료재료,1992A010,갑상선 양성결절의 고주파 열치료용,
99991231,20241126,BJ4700ZO,BJ4700ZO,SENS RF ELECTRODE,치료재료/갑상선 양성결절의 고주파 열치료용/SENS RF ELECTRODE,1992A,치료재료,1992A010,갑상선 양성결절의 고주파 열치료용,
99991231,20241126,BJ4701DU,BJ4701DU,COOL-TIP RF ELECTRODE,치료재료/갑상선 양성결절의 고주파 열치료용/COOL-TIP RF ELECTRODE,1992A,치료재료,1992A010,갑상선 양성결절의 고주파 열치료용,
99991231,20241126,BJ4701GX,BJ4701GX,WELL-POINT RF ELECTRODE,치료재료/갑상선 양성결절의 고주파 열치료용/WELL-POINT RF ELECTRODE,1992A,치료재료,1992A010,갑상선 양성결절의 고주파 열치료용,
99991231,20241126,BJ4701KY,BJ4701KY,RFA ELECTRODE,치료재료/갑상선 양성결절의 고주파 열치료용/RFA ELECTRODE,1992A,치료재료,1992A010,갑상선 양성결절의 고주파 열치료용,
99991231,20241126,BJ4701NH,BJ4701NH,COATHERM ELECTRODE SERIES,치료재료/갑상선 양성결절의 고주파 열치료용/COATHERM ELECTRODE SERIES,1992A,치료재료,1992A010,갑상선 양성결절의 고주파 열치료용,
99991231,20241126,BJ4702KY,BJ4702KY,RFT-ELECTRODE,치료재료/갑상선 양성결절의 고주파 열치료용/RFT-ELECTRODE,1992A,치료재료,1992A010,갑상선 양성결절의 고주파 열치료용,
99991231,20241126,BJ4702NH,BJ4702NH,CTI ELECTRODE SERIES,치료재료/갑상선 양성결절의 고주파 열치료용/CTI ELECTRODE SERIES,1992A,치료재료,1992A010,갑상선 양성결절의 고주파 열치료용,
99991231,20241126,BJ4703KY,BJ4703KY,THYBLATE-V TM,치료재료/갑상선 양성결절의 고주파 열치료용/THYBLATE-V TM,1992A,치료재료,1992A010,갑상선 양성결절의 고주파 열치료용,
99991231,20241126,BJ4703PY,BJ4703PY,STAR RF ELECTRODE,치료재료/갑상선 양성결절의 고주파 열치료용/STAR RF ELECTRODE,1992A,치료재료,1992A010,갑상선 양성결절의 고주파 열치료용,
99991231,20241126,BJ4704PY,BJ4704PY,VIVA RF ELECTRODE,치료재료/갑상선 양성결절의 고주파 열치료용/VIVA RF ELECTRODE,1992A,치료재료,1992A010,갑상선 양성결절의 고주파 열치료용,
99991231,20241126,BJ4705PY,BJ4705PY,STAR INJECTABLE RF ELECTRODE,치료재료/갑상선 양성결절의 고주파 열치료용/STAR INJECTABLE RF ELECTRODE,1992A,치료재료,1992A010,갑상선 양성결절의 고주파 열치료용,
99991231,20241126,1992A020,1992A020,고주파 자궁근종용해술용,치료재료/고주파 자궁근종용해술용,1992A,치료재료,1992A020,고주파 자궁근종용해술용,
99991231,20241126,BJ4710ZO,BJ4710ZO,SENS RF ELECTRODE,치료재료/고주파 자궁근종용해술용/SENS RF ELECTRODE,1992A,치료재료,1992A020,고주파 자궁근종용해술용,
99991231,20241126,BJ4711DU,BJ4711DU,COOL-TIP RF ELECTRODE,치료재료/고주파 자궁근종용해술용/COOL-TIP RF ELECTRODE,1992A,치료재료,1992A020,고주파 자궁근종용해술용,
99991231,20241126,BJ4711GX,BJ4711GX,WELL-POINT RF ELECTRODE,치료재료/고주파 자궁근종용해술용/WELL-POINT RF ELECTRODE,1992A,치료재료,1992A020,고주파 자궁근종용해술용,
99991231,20241126,BJ4711HS,BJ4711HS,TCHP시리즈,치료재료/고주파 자궁근종용해술용/TCHP시리즈,1992A,치료재료,1992A020,고주파 자궁근종용해술용,
99991231,20241126,BJ4711NH,BJ4711NH,COATHERM ELECTRODE SERIES,치료재료/고주파 자궁근종용해술용/COATHERM ELECTRODE SERIES,1992A,치료재료,1992A020,고주파 자궁근종용해술용,
99991231,20241126,BJ4712DU,BJ4712DU,COOL-TIP E SERIES,치료재료/고주파 자궁근종용해술용/COOL-TIP E SERIES,1992A,치료재료,1992A020,고주파 자궁근종용해술용,
99991231,20241126,BJ4712KY,BJ4712KY,RF MYOLYSIS BTM ELECTRODE,치료재료/고주파 자궁근종용해술용/RF MYOLYSIS BTM ELECTRODE,1992A,치료재료,1992A020,고주파 자궁근종용해술용,
99991231,20241126,BJ4712NH,BJ4712NH,CTI ELECTRODE SERIES,치료재료/고주파 자궁근종용해술용/CTI ELECTRODE SERIES,1992A,치료재료,1992A020,고주파 자궁근종용해술용,
99991231,20241126,BJ4713KY,BJ4713KY,VCTM,치료재료/고주파 자궁근종용해술용/VCTM,1992A,치료재료,1992A020,고주파 자궁근종용해술용,
99991231,20241126,BJ4714PY,BJ4714PY,VIVA RF ELECTRODE,치료재료/고주파 자궁근종용해술용/VIVA RF ELECTRODE,1992A,치료재료,1992A020,고주파 자궁근종용해술용,
99991231,20241126,1992A030,1992A030,고주파 정맥내막폐쇄요법용,치료재료/고주파 정맥내막폐쇄요법용,1992A,치료재료,1992A030,고주파 정맥내막폐쇄요법용,
99991231,20241126,BJ4300GX,BJ4300GX,VENISTAR,치료재료/고주파 정맥내막폐쇄요법용/VENISTAR,1992A,치료재료,1992A030,고주파 정맥내막폐쇄요법용,
99991231,20241126,BJ4301DU,BJ4301DU,VNUS CLOSURE FAST,치료재료/고주파 정맥내막폐쇄요법용/VNUS CLOSURE FAST,1992A,치료재료,1992A030,고주파 정맥내막폐쇄요법용,
99991231,20241126,BJ4301KY,BJ4301KY,VEINCLEAR,치료재료/고주파 정맥내막폐쇄요법용/VEINCLEAR,1992A,치료재료,1992A030,고주파 정맥내막폐쇄요법용,
99991231,20241126,1992A040,1992A040,관상동맥내 광학파 단층촬영용,치료재료/관상동맥내 광학파 단층촬영용,1992A,치료재료,1992A040,관상동맥내 광학파 단층촬영용,
99991231,20241126,BJ4510DT,BJ4510DT,BENETIS,치료재료/관상동맥내 광학파 단층촬영용/BENETIS,1992A,치료재료,1992A040,관상동맥내 광학파 단층촬영용,
99991231,20241126,BJ4513LR,BJ4513LR,DRAGONFLY CATHETER,치료재료/관상동맥내 광학파 단층촬영용/DRAGONFLY CATHETER,1992A,치료재료,1992A040,관상동맥내 광학파 단층촬영용,
99991231,20241126,BJ4514LR,BJ4514LR,DRAGONFLY OPSTAR IMAGING CATHETER,치료재료/관상동맥내 광학파 단층촬영용/DRAGONFLY OPSTAR IMAGING CATHETER,1992A,치료재료,1992A040,관상동맥내 광학파 단층촬영용,
99991231,20241126,1992A050,1992A050,유방 생검용,치료재료/유방 생검용,1992A,치료재료,1992A050,유방 생검용,
99991231,20241126,BM0001EE,BM0001EE,MAMMOTOME SYSTEM(PROBE & VACUUM SET),치료재료/유방 생검용/MAMMOTOME SYSTEM(PROBE & VACUUM SET),1992A,치료재료,1992A050,유방 생검용,
99991231,20241126,BM0001MT,BM0001MT,ATEC(PROBE & VACCUM SET),치료재료/유방 생검용/ATEC(PROBE & VACCUM SET),1992A,치료재료,1992A050,유방 생검용,
99991231,20241126,BM0001SB,BM0001SB,SB BIOPSY PROBE,치료재료/유방 생검용/SB BIOPSY PROBE,1992A,치료재료,1992A050,유방 생검용,
99991231,20241126,BM0001ZC,BM0001ZC,BEXCORE(PROBE & VACUUM SET),치료재료/유방 생검용/BEXCORE(PROBE & VACUUM SET),1992A,치료재료,1992A050,유방 생검용,
99991231,20241126,BM0002GU,BM0002GU,ENCOR BIOPSY PROBES(PROBE + RINSE/VACUUM TUBINHG ASSEMBLY),치료재료/유방 생검용/ENCOR BIOPSY PROBES(PROBE + RINSE/VACUUM TUBINHG ASSEMBLY),1992A,치료재료,1992A050,유방 생검용,
99991231,20241126,BM0002MT,BM0002MT,EVIVA(PROBE & VACCUM SET),치료재료/유방 생검용/EVIVA(PROBE & VACCUM SET),1992A,치료재료,1992A050,유방 생검용,
99991231,20241126,BM0003EE,BM0003EE,"MAMMOTOME ELITE BIOPSY SYSTEM(MEH1, MEP13)","치료재료/유방 생검용/MAMMOTOME ELITE BIOPSY SYSTEM(MEH1, MEP13)",1992A,치료재료,1992A050,유방 생검용,
99991231,20241126,BM0004EE,BM0004EE,MAMMOTOME REVOLVE SYSTEM(PROBE & VACUUM SET),치료재료/유방 생검용/MAMMOTOME REVOLVE SYSTEM(PROBE & VACUUM SET),1992A,치료재료,1992A050,유방 생검용,
99991231,20241126,1992A060,1992A060,내시경 초음파를 이용한 세침흡인술용,치료재료/내시경 초음파를 이용한 세침흡인술용,1992A,치료재료,1992A060,내시경 초음파를 이용한 세침흡인술용,
99991231,20241126,BM0000KW,BM0000KW,일회용내시경생검용기구,치료재료/내시경 초음파를 이용한 세침흡인술용/일회용내시경생검용기구,1992A,치료재료,1992A060,내시경 초음파를 이용한 세침흡인술용,
99991231,20241126,BM0000TM,BM0000TM,PRESHOT,치료재료/내시경 초음파를 이용한 세침흡인술용/PRESHOT,1992A,치료재료,1992A060,내시경 초음파를 이용한 세침흡인술용,
99991231,20241126,BM0001BM,BM0001BM,EXPECT PULMONARY EBUS-TRAN,치료재료/내시경 초음파를 이용한 세침흡인술용/EXPECT PULMONARY EBUS-TRAN,1992A,치료재료,1992A060,내시경 초음파를 이용한 세침흡인술용,
99991231,20250414,BM0001QM,BM0001QM,CLEARTIP,치료재료/내시경 초음파를 이용한 세침흡인술용/CLEARTIP,1992A,치료재료,1992A060,내시경 초음파를 이용한 세침흡인술용,
99991231,20241126,BM0004LV,BM0004LV,VIZISHOT,치료재료/내시경 초음파를 이용한 세침흡인술용/VIZISHOT,1992A,치료재료,1992A060,내시경 초음파를 이용한 세침흡인술용,
99991231,20241126,BM0004OQ,BM0004OQ,ECHOTIP ULTRA ENDOBRONCHIAL HIGH DEFINITION ULTRASOUND NEEDLE,치료재료/내시경 초음파를 이용한 세침흡인술용/ECHOTIP ULTRA ENDOBRONCHIAL HIGH DEFINITION ULTRASOUND NEEDLE,1992A,치료재료,1992A060,내시경 초음파를 이용한 세침흡인술용,
99991231,20241126,BM0004ZB,BM0004ZB,SONO TIP,치료재료/내시경 초음파를 이용한 세침흡인술용/SONO TIP,1992A,치료재료,1992A060,내시경 초음파를 이용한 세침흡인술용,
99991231,20241126,BM0005LV,BM0005LV,VIZISHOT2,치료재료/내시경 초음파를 이용한 세침흡인술용/VIZISHOT2,1992A,치료재료,1992A060,내시경 초음파를 이용한 세침흡인술용,
99991231,20241126,BM0005OQ,BM0005OQ,ECHOTIP PROCORE HD ENDOBRONCHIAL ULTRASOUND BIOPSY NEEDLE,치료재료/내시경 초음파를 이용한 세침흡인술용/ECHOTIP PROCORE HD ENDOBRONCHIAL ULTRASOUND BIOPSY NEEDLE,1992A,치료재료,1992A060,내시경 초음파를 이용한 세침흡인술용,
99991231,20250414,BM0006LV,BM0006LV,PERIVIEW FLEX,치료재료/내시경 초음파를 이용한 세침흡인술용/PERIVIEW FLEX,1992A,치료재료,1992A060,내시경 초음파를 이용한 세침흡인술용,
99991231,20241126,1992A070,1992A070,정맥류제거용,치료재료/정맥류제거용,1992A,치료재료,1992A070,정맥류제거용,
99991231,20241126,BJ4311CC,BJ4311CC,레이저식혈관성형술용카테터,치료재료/정맥류제거용/레이저식혈관성형술용카테터,1992A,치료재료,1992A070,정맥류제거용,
99991231,20241126,BJ4311DG,BJ4311DG,광섬유카테타(BJ4311DG),치료재료/정맥류제거용/광섬유카테타(BJ4311DG),1992A,치료재료,1992A070,정맥류제거용,
99991231,20241126,BJ4311RD,BJ4311RD,광섬유카테타(BJ4311RD),치료재료/정맥류제거용/광섬유카테타(BJ4311RD),1992A,치료재료,1992A070,정맥류제거용,
99991231,20241126,BJ4312DG,BJ4312DG,볼타입광섬유카테타,치료재료/정맥류제거용/볼타입광섬유카테타,1992A,치료재료,1992A070,정맥류제거용,
99991231,20241126,1992A080,1992A080,조절성 인공수정체,치료재료/조절성 인공수정체,1992A,치료재료,1992A080,조절성 인공수정체,
99991231,20241126,BI0200DB,BI0200DB,"VIVINEX™ GEMETRIC™ TORIC, VIVINEX™ GEMETRIC™ PLUS TORIC","치료재료/조절성 인공수정체/VIVINEX™ GEMETRIC™ TORIC, VIVINEX™ GEMETRIC™ PLUS TORIC",1992A,치료재료,1992A080,조절성 인공수정체,
99991231,20241126,BI0200DU,BI0200DU,INFO IOL,치료재료/조절성 인공수정체/INFO IOL,1992A,치료재료,1992A080,조절성 인공수정체,
99991231,20241126,BI0200EB,BI0200EB,ACRYSOF IQ PANOPTIX TORIC PRESBYOPIA CORRECTING IOLS,치료재료/조절성 인공수정체/ACRYSOF IQ PANOPTIX TORIC PRESBYOPIA CORRECTING IOLS,1992A,치료재료,1992A080,조절성 인공수정체,
99991231,20241126,BI0200FD,BI0200FD,SYNTHESIS PLUS,치료재료/조절성 인공수정체/SYNTHESIS PLUS,1992A,치료재료,1992A080,조절성 인공수정체,
99991231,20241126,BI0200GP,BI0200GP,AUROVUE DFINE,치료재료/조절성 인공수정체/AUROVUE DFINE,1992A,치료재료,1992A080,조절성 인공수정체,
99991231,20250414,BI0200HM,BI0200HM,"RAYONE EMV TORIC, 다초점 인공수정체, RAO210T","치료재료/조절성 인공수정체/RAYONE EMV TORIC, 다초점 인공수정체, RAO210T",1992A,치료재료,1992A080,조절성 인공수정체,
99991231,20241126,BI0200IT,BI0200IT,S-FLEX,치료재료/조절성 인공수정체/S-FLEX,1992A,치료재료,1992A080,조절성 인공수정체,
99991231,20241126,BI0200LN,BI0200LN,"TECNIS EYHANCE TORIC II IOL, TECNIS EYHANCE TORIC II IOL WITH TECNIS SIMPLICITY DELIVERY SYSTEM","치료재료/조절성 인공수정체/TECNIS EYHANCE TORIC II IOL, TECNIS EYHANCE TORIC II IOL WITH TECNIS SIMPLICITY DELIVERY SYSTEM",1992A,치료재료,1992A080,조절성 인공수정체,
99991231,20241126,BI0200MJ,BI0200MJ,FULLRANGE,치료재료/조절성 인공수정체/FULLRANGE,1992A,치료재료,1992A080,조절성 인공수정체,
99991231,20241126,BI0201DB,BI0201DB,"VIVINEX™ GEMETRIC™, VIVINEX™ GEMETRIC™ PLUS","치료재료/조절성 인공수정체/VIVINEX™ GEMETRIC™, VIVINEX™ GEMETRIC™ PLUS",1992A,치료재료,1992A080,조절성 인공수정체,
99991231,20241126,BI0201EY,BI0201EY,FIL 611T,치료재료/조절성 인공수정체/FIL 611T,1992A,치료재료,1992A080,조절성 인공수정체,
99991231,20250414,BI0201FD,BI0201FD,SYNTHESIS PLUS TORIC,치료재료/조절성 인공수정체/SYNTHESIS PLUS TORIC,1992A,치료재료,1992A080,조절성 인공수정체,
99991231,20241126,BI0201GF,BI0201GF,AKKOMMODATIVE 1CU,치료재료/조절성 인공수정체/AKKOMMODATIVE 1CU,1992A,치료재료,1992A080,조절성 인공수정체,
99991231,20241126,BI0201HM,BI0201HM,T-FLEX ASPHERIC TORIC,치료재료/조절성 인공수정체/T-FLEX ASPHERIC TORIC,1992A,치료재료,1992A080,조절성 인공수정체,
99991231,20241126,BI0201IR,BI0201IR,SBL-3,치료재료/조절성 인공수정체/SBL-3,1992A,치료재료,1992A080,조절성 인공수정체,
99991231,20250414,BI0201IT,BI0201IT,EYELIKE K-FLEX TORIC,치료재료/조절성 인공수정체/EYELIKE K-FLEX TORIC,1992A,치료재료,1992A080,조절성 인공수정체,
99991231,20241126,BI0201KU,BI0201KU,"FINEVISION, POD F","치료재료/조절성 인공수정체/FINEVISION, POD F",1992A,치료재료,1992A080,조절성 인공수정체,
99991231,20241126,BI0201MJ,BI0201MJ,INTENSITY BN /INTENSITY SL,치료재료/조절성 인공수정체/INTENSITY BN /INTENSITY SL,1992A,치료재료,1992A080,조절성 인공수정체,
99991231,20241126,BI0201OZ,BI0201OZ,AT. LISA 809M,치료재료/조절성 인공수정체/AT. LISA 809M,1992A,치료재료,1992A080,조절성 인공수정체,
99991231,20241126,BI0201TE,BI0201TE,TELEON MULTIFOCAL IOL GROUP,치료재료/조절성 인공수정체/TELEON MULTIFOCAL IOL GROUP,1992A,치료재료,1992A080,조절성 인공수정체,
99991231,20241126,BI0201VD,BI0201VD,TECNIS MULTIFOCAL TORIC 1-PIECE INTRAOCULAR LENSE(IOL),치료재료/조절성 인공수정체/TECNIS MULTIFOCAL TORIC 1-PIECE INTRAOCULAR LENSE(IOL),1992A,치료재료,1992A080,조절성 인공수정체,
99991231,20241126,BI0201VG,BI0201VG,HOYA VIVINEX™ TORIC MULTISERT™,치료재료/조절성 인공수정체/HOYA VIVINEX™ TORIC MULTISERT™,1992A,치료재료,1992A080,조절성 인공수정체,
99991231,20241126,BI0201WX,BI0201WX,BI-FLEX M(677MY),치료재료/조절성 인공수정체/BI-FLEX M(677MY),1992A,치료재료,1992A080,조절성 인공수정체,
99991231,20241126,BI0201XQ,BI0201XQ,"HANITA MF IOL(SEELENS MF, BUNNYLENS MF)","치료재료/조절성 인공수정체/HANITA MF IOL(SEELENS MF, BUNNYLENS MF)",1992A,치료재료,1992A080,조절성 인공수정체,
99991231,20241126,BI0201YX,BI0201YX,PRECIZON TORIC 565,치료재료/조절성 인공수정체/PRECIZON TORIC 565,1992A,치료재료,1992A080,조절성 인공수정체,
99991231,20241126,BI0201ZY,BI0201ZY,TRIDIFF TORIC,치료재료/조절성 인공수정체/TRIDIFF TORIC,1992A,치료재료,1992A080,조절성 인공수정체,
99991231,20241126,BI0202CY,BI0202CY,ANKORIS,치료재료/조절성 인공수정체/ANKORIS,1992A,치료재료,1992A080,조절성 인공수정체,
99991231,20250414,BI0202DB,BI0202DB,TRIVA-AA,치료재료/조절성 인공수정체/TRIVA-AA,1992A,치료재료,1992A080,조절성 인공수정체,
99991231,20241126,BI0202DU,BI0202DU,LUCIDIS 108M LUCIDIS 124M,치료재료/조절성 인공수정체/LUCIDIS 108M LUCIDIS 124M,1992A,치료재료,1992A080,조절성 인공수정체,
99991231,20241126,BI0202EY,BI0202EY,FIL 611PV,치료재료/조절성 인공수정체/FIL 611PV,1992A,치료재료,1992A080,조절성 인공수정체,
99991231,20241126,BI0202HA,BI0202HA,OPTIVIS,치료재료/조절성 인공수정체/OPTIVIS,1992A,치료재료,1992A080,조절성 인공수정체,
99991231,20241126,BI0202HM,BI0202HM,SULCOFLEX TORIC,치료재료/조절성 인공수정체/SULCOFLEX TORIC,1992A,치료재료,1992A080,조절성 인공수정체,
99991231,20241126,BI0202HY,BI0202HY,ARTIS T PL E,치료재료/조절성 인공수정체/ARTIS T PL E,1992A,치료재료,1992A080,조절성 인공수정체,
99991231,20241126,BI0202IR,BI0202IR,TETRAFLEX HD,치료재료/조절성 인공수정체/TETRAFLEX HD,1992A,치료재료,1992A080,조절성 인공수정체,
99991231,20250414,BI0202IT,BI0202IT,EYELIKE S-FLEX TORIC,치료재료/조절성 인공수정체/EYELIKE S-FLEX TORIC,1992A,치료재료,1992A080,조절성 인공수정체,
99991231,20241126,BI0202KU,BI0202KU,"FINEVISION TORIC, POD FT","치료재료/조절성 인공수정체/FINEVISION TORIC, POD FT",1992A,치료재료,1992A080,조절성 인공수정체,
99991231,20241126,BI0202MJ,BI0202MJ,INTENSITY TORIC,치료재료/조절성 인공수정체/INTENSITY TORIC,1992A,치료재료,1992A080,조절성 인공수정체,
99991231,20241126,BI0202OZ,BI0202OZ,AT TORBI 709M,치료재료/조절성 인공수정체/AT TORBI 709M,1992A,치료재료,1992A080,조절성 인공수정체,
99991231,20241126,BI0202TE,BI0202TE,MEDENNIUM PHAKIC LENS(MPL),치료재료/조절성 인공수정체/MEDENNIUM PHAKIC LENS(MPL),1992A,치료재료,1992A080,조절성 인공수정체,
99991231,20241126,BI0202WX,BI0202WX,ADDON (A45SML),치료재료/조절성 인공수정체/ADDON (A45SML),1992A,치료재료,1992A080,조절성 인공수정체,
99991231,20241126,BI0202XQ,BI0202XQ,VISTOR/BUNNYLENS TR,치료재료/조절성 인공수정체/VISTOR/BUNNYLENS TR,1992A,치료재료,1992A080,조절성 인공수정체,
99991231,20241126,BI0202YX,BI0202YX,ARTISAN,치료재료/조절성 인공수정체/ARTISAN,1992A,치료재료,1992A080,조절성 인공수정체,
99991231,20250414,BI0202ZY,BI0202ZY,TRIDIFF DYNAMIC VISION,치료재료/조절성 인공수정체/TRIDIFF DYNAMIC VISION,1992A,치료재료,1992A080,조절성 인공수정체,
99991231,20241126,BI0203CY,BI0203CY,ISOPURE ,치료재료/조절성 인공수정체/ISOPURE ,1992A,치료재료,1992A080,조절성 인공수정체,
99991231,20241126,BI0203EY,BI0203EY,FIL 611PVT,치료재료/조절성 인공수정체/FIL 611PVT,1992A,치료재료,1992A080,조절성 인공수정체,
99991231,20241126,BI0203HM,BI0203HM,SULCOFLEX ASPHERIC,치료재료/조절성 인공수정체/SULCOFLEX ASPHERIC,1992A,치료재료,1992A080,조절성 인공수정체,
99991231,20241126,BI0203HY,BI0203HY,ARTIS PL M,치료재료/조절성 인공수정체/ARTIS PL M,1992A,치료재료,1992A080,조절성 인공수정체,
99991231,20241126,BI0203KU,BI0203KU,POD F GF,치료재료/조절성 인공수정체/POD F GF,1992A,치료재료,1992A080,조절성 인공수정체,
99991231,20241126,BI0203NK,BI0203NK,CRYSTALENS AT52AO ACCOMMODATING INTRAOCULAR LENS,치료재료/조절성 인공수정체/CRYSTALENS AT52AO ACCOMMODATING INTRAOCULAR LENS,1992A,치료재료,1992A080,조절성 인공수정체,
99991231,20241126,BI0203OZ,BI0203OZ,AT LISA 839MP,치료재료/조절성 인공수정체/AT LISA 839MP,1992A,치료재료,1992A080,조절성 인공수정체,
99991231,20241126,BI0203TE,BI0203TE,TELEON TORIC IOL GROUP,치료재료/조절성 인공수정체/TELEON TORIC IOL GROUP,1992A,치료재료,1992A080,조절성 인공수정체,
99991231,20241126,BI0203XQ,BI0203XQ,INTENSITY BN/INTENSITY SL,치료재료/조절성 인공수정체/INTENSITY BN/INTENSITY SL,1992A,치료재료,1992A080,조절성 인공수정체,
99991231,20241126,BI0203YX,BI0203YX,PRECIZON PRESBYOPIC,치료재료/조절성 인공수정체/PRECIZON PRESBYOPIC,1992A,치료재료,1992A080,조절성 인공수정체,
99991231,20241126,BI0204EB,BI0204EB,ACRYSOF IQ TORIC NATURAL IOL(T2-T5),치료재료/조절성 인공수정체/ACRYSOF IQ TORIC NATURAL IOL(T2-T5),1992A,치료재료,1992A080,조절성 인공수정체,
99991231,20241126,BI0204HM,BI0204HM,RAYONE TRIFOCAL (RAO603F),치료재료/조절성 인공수정체/RAYONE TRIFOCAL (RAO603F),1992A,치료재료,1992A080,조절성 인공수정체,
99991231,20241126,BI0204HY,BI0204HY,ARTIS SYMBIOSE PLUS,치료재료/조절성 인공수정체/ARTIS SYMBIOSE PLUS,1992A,치료재료,1992A080,조절성 인공수정체,
99991231,20241126,BI0204KU,BI0204KU,FINE EDOF,치료재료/조절성 인공수정체/FINE EDOF,1992A,치료재료,1992A080,조절성 인공수정체,
99991231,20241126,BI0204LN,BI0204LN,"TECNIS TORIC 1-PIECE INTRAOCULAR LENS(IOL), TECNIS TORIC II 1-PIECE IOL","치료재료/조절성 인공수정체/TECNIS TORIC 1-PIECE INTRAOCULAR LENS(IOL), TECNIS TORIC II 1-PIECE IOL",1992A,치료재료,1992A080,조절성 인공수정체,
99991231,20241126,BI0204NK,BI0204NK,ENVISTA TORIC MX60T,치료재료/조절성 인공수정체/ENVISTA TORIC MX60T,1992A,치료재료,1992A080,조절성 인공수정체,
99991231,20241126,BI0204OZ,BI0204OZ,AT LISA TRI TORIC 939M(P),치료재료/조절성 인공수정체/AT LISA TRI TORIC 939M(P),1992A,치료재료,1992A080,조절성 인공수정체,
99991231,20241126,BI0204TE,BI0204TE,TELEON MULTIFOCAL TORIC IOL GROUP,치료재료/조절성 인공수정체/TELEON MULTIFOCAL TORIC IOL GROUP,1992A,치료재료,1992A080,조절성 인공수정체,
99991231,20241126,BI0204XQ,BI0204XQ,INTENSITY TORIC EZ,치료재료/조절성 인공수정체/INTENSITY TORIC EZ,1992A,치료재료,1992A080,조절성 인공수정체,
99991231,20241126,BI0204YX,BI0204YX,PRECIZON PRESBYOPIC TORIC,치료재료/조절성 인공수정체/PRECIZON PRESBYOPIC TORIC,1992A,치료재료,1992A080,조절성 인공수정체,
99991231,20241126,BI0205EB,BI0205EB,ACRYSOF IQ TORIC NATURAL IOL (T6-T9),치료재료/조절성 인공수정체/ACRYSOF IQ TORIC NATURAL IOL (T6-T9),1992A,치료재료,1992A080,조절성 인공수정체,
99991231,20241126,BI0205HM,BI0205HM,SULCOFLEX TRIFOCAL IOL,치료재료/조절성 인공수정체/SULCOFLEX TRIFOCAL IOL,1992A,치료재료,1992A080,조절성 인공수정체,
99991231,20241126,BI0205HY,BI0205HY,ARTIS SYMBIOSE MID,치료재료/조절성 인공수정체/ARTIS SYMBIOSE MID,1992A,치료재료,1992A080,조절성 인공수정체,
99991231,20241126,BI0205KU,BI0205KU,FINEVISION HP TORIC,치료재료/조절성 인공수정체/FINEVISION HP TORIC,1992A,치료재료,1992A080,조절성 인공수정체,
99991231,20241126,BI0205LN,BI0205LN,"TECNIS SYMFONY EXTENDED RANGE OF VISION IOL, TECNIS SYMFONY PLUS EXTENDED RANGE OF VISION IOL","치료재료/조절성 인공수정체/TECNIS SYMFONY EXTENDED RANGE OF VISION IOL, TECNIS SYMFONY PLUS EXTENDED RANGE OF VISION IOL",1992A,치료재료,1992A080,조절성 인공수정체,
99991231,20241126,BI0205OZ,BI0205OZ,AT LARA 829MP,치료재료/조절성 인공수정체/AT LARA 829MP,1992A,치료재료,1992A080,조절성 인공수정체,
99991231,20241126,BI0205YX,BI0205YX,PRECIZON GO,치료재료/조절성 인공수정체/PRECIZON GO,1992A,치료재료,1992A080,조절성 인공수정체,
99991231,20241126,BI0206LN,BI0206LN,"TECNIS SYMFONY TORIC EXTENDED RANGE OF VISION IOL, TECNIS SYMFONY PLUS TORIC EXTENDED RANGE OF VISION IOL","치료재료/조절성 인공수정체/TECNIS SYMFONY TORIC EXTENDED RANGE OF VISION IOL, TECNIS SYMFONY PLUS TORIC EXTENDED RANGE OF VISION IOL",1992A,치료재료,1992A080,조절성 인공수정체,
99991231,20241126,BI0206OZ,BI0206OZ,AT LARA TORIC 929M(P),치료재료/조절성 인공수정체/AT LARA TORIC 929M(P),1992A,치료재료,1992A080,조절성 인공수정체,
99991231,20241126,BI0207LN,BI0207LN,"TECNIS EYHANCE IOL, TECNIS EYHANCE IOL WITH TECNIS SIMPLICITY DELIVERY SYSTEM","치료재료/조절성 인공수정체/TECNIS EYHANCE IOL, TECNIS EYHANCE IOL WITH TECNIS SIMPLICITY DELIVERY SYSTEM",1992A,치료재료,1992A080,조절성 인공수정체,
99991231,20241126,BI0207OZ,BI0207OZ,AT ELANA 841P,치료재료/조절성 인공수정체/AT ELANA 841P,1992A,치료재료,1992A080,조절성 인공수정체,
99991231,20241126,BI0208EB,BI0208EB,ACRYSOF IQ PANOPTIX PRESBYOPIA-CORRECTING IOL,치료재료/조절성 인공수정체/ACRYSOF IQ PANOPTIX PRESBYOPIA-CORRECTING IOL,1992A,치료재료,1992A080,조절성 인공수정체,
99991231,20241126,BI0208LN,BI0208LN,"TECNIS SYNERGY OPTIBLUE IOL, TECNIS SYNERGY OPTIBLUE IOL WITH TECNIS SIMPLICITY DELIVERY SYSTEM","치료재료/조절성 인공수정체/TECNIS SYNERGY OPTIBLUE IOL, TECNIS SYNERGY OPTIBLUE IOL WITH TECNIS SIMPLICITY DELIVERY SYSTEM",1992A,치료재료,1992A080,조절성 인공수정체,
99991231,20241126,BI0209EB,BI0209EB,ACRYSOF IQ VIVITY EXTENDED VISION IOL,치료재료/조절성 인공수정체/ACRYSOF IQ VIVITY EXTENDED VISION IOL,1992A,치료재료,1992A080,조절성 인공수정체,
99991231,20241126,BI0209LN,BI0209LN,"TECNIS SYNERGY TORIC II OPTIBLUE IOL, TECNIS SYNERGY TORIC II OPTIBLUE IOL WITH TECNIS SIMPLICITY DELIVERY SYSTEM","치료재료/조절성 인공수정체/TECNIS SYNERGY TORIC II OPTIBLUE IOL, TECNIS SYNERGY TORIC II OPTIBLUE IOL WITH TECNIS SIMPLICITY DELIVERY SYSTEM",1992A,치료재료,1992A080,조절성 인공수정체,
99991231,20241126,BI0210EB,BI0210EB,ACRYSOF IQ VIVITY TORIC,치료재료/조절성 인공수정체/ACRYSOF IQ VIVITY TORIC,1992A,치료재료,1992A080,조절성 인공수정체,
99991231,20250414,BI0210HM,BI0210HM,"RAYONE EMV 다초점 인공수정체, RAO200E","치료재료/조절성 인공수정체/RAYONE EMV 다초점 인공수정체, RAO200E",1992A,치료재료,1992A080,조절성 인공수정체,
99991231,20250414,BI0210ND,BI0210ND,OPTIFLEX TRIO COMFORT,치료재료/조절성 인공수정체/OPTIFLEX TRIO COMFORT,1992A,치료재료,1992A080,조절성 인공수정체,"/ 키워드 : 900114, BI0210ND, 조절성 인공수정체, OPTIFLEX TRIO COMFORTC, 치료재료, 렌즈,   다초점인공수정체, 조절성인공수정체, 옵티플렉스"
99991231,20241126,BI0211EB,BI0211EB,클라레온 팬옵틱스,치료재료/조절성 인공수정체/클라레온 팬옵틱스,1992A,치료재료,1992A080,조절성 인공수정체,
99991231,20241126,BI0212EB,BI0212EB,클라레온 팬옵틱스 토릭,치료재료/조절성 인공수정체/클라레온 팬옵틱스 토릭,1992A,치료재료,1992A080,조절성 인공수정체,
99991231,20241126,BI0212LN,BI0212LN,테크니스 퓨어SEE,치료재료/조절성 인공수정체/테크니스 퓨어SEE,1992A,치료재료,1992A080,조절성 인공수정체,
99991231,20241126,BI0213EB,BI0213EB,클라레온 비비티,치료재료/조절성 인공수정체/클라레온 비비티,1992A,치료재료,1992A080,조절성 인공수정체,
99991231,20250414,BI0213LN,BI0213LN,테크니스 퓨어SEE 토릭,치료재료/조절성 인공수정체/테크니스 퓨어SEE 토릭,1992A,치료재료,1992A080,조절성 인공수정체,
99991231,20241126,BI0214EB,BI0214EB,클라레온 토릭,치료재료/조절성 인공수정체/클라레온 토릭,1992A,치료재료,1992A080,조절성 인공수정체,
99991231,20241126,BI0215EB,BI0215EB,클라레온 비비티 토릭,치료재료/조절성 인공수정체/클라레온 비비티 토릭,1992A,치료재료,1992A080,조절성 인공수정체,
99991231,20241126,1992A090,1992A090,척추경막외 유착방지제,치료재료/척추경막외 유착방지제,1992A,치료재료,1992A090,척추경막외 유착방지제,
99991231,20241126,BF0100AJ,BF0100AJ,"ARTQ, COVER SEAL","치료재료/척추경막외 유착방지제/ARTQ, COVER SEAL",1992A,치료재료,1992A090,척추경막외 유착방지제,
99991231,20241126,BF0100BK,BF0100BK,X-AD,치료재료/척추경막외 유착방지제/X-AD,1992A,치료재료,1992A090,척추경막외 유착방지제,
99991231,20241126,BF0100DD,BF0100DD,하이코가드-겔(HYCOGUARD-GEL),치료재료/척추경막외 유착방지제/하이코가드-겔(HYCOGUARD-GEL),1992A,치료재료,1992A090,척추경막외 유착방지제,
99991231,20241126,BF0100FQ,BF0100FQ,서지세이프,치료재료/척추경막외 유착방지제/서지세이프,1992A,치료재료,1992A090,척추경막외 유착방지제,
99991231,20250414,BF0100HO,BF0100HO,WONDERSEAL,치료재료/척추경막외 유착방지제/WONDERSEAL,1992A,치료재료,1992A090,척추경막외 유착방지제,
99991231,20241126,BF0100LQ,BF0100LQ,HYVIXEL,치료재료/척추경막외 유착방지제/HYVIXEL,1992A,치료재료,1992A090,척추경막외 유착방지제,
99991231,20241126,BF0100QF,BF0100QF,PRECOAT,치료재료/척추경막외 유착방지제/PRECOAT,1992A,치료재료,1992A090,척추경막외 유착방지제,
99991231,20241126,BF0100QV,BF0100QV,디베리아(DBARRIA),치료재료/척추경막외 유착방지제/디베리아(DBARRIA),1992A,치료재료,1992A090,척추경막외 유착방지제,
99991231,20241126,BF0100RJ,BF0100RJ,OXIPLEX1 ,치료재료/척추경막외 유착방지제/OXIPLEX1 ,1992A,치료재료,1992A090,척추경막외 유착방지제,
99991231,20241126,BF0100SX,BF0100SX,수술엔(SUSUL N),치료재료/척추경막외 유착방지제/수술엔(SUSUL N),1992A,치료재료,1992A090,척추경막외 유착방지제,
99991231,20241126,BF0100VD,BF0100VD,"INTERBLOCK, GUARDIANWRAP PLUS","치료재료/척추경막외 유착방지제/INTERBLOCK, GUARDIANWRAP PLUS",1992A,치료재료,1992A090,척추경막외 유착방지제,
99991231,20241126,BF0101AW,BF0101AW,MEDISHIELD ANTI-ADHESION GEL,치료재료/척추경막외 유착방지제/MEDISHIELD ANTI-ADHESION GEL,1992A,치료재료,1992A090,척추경막외 유착방지제,
99991231,20241126,BF0101AY,BF0101AY,ADCON-GEL(BF0101AY),치료재료/척추경막외 유착방지제/ADCON-GEL(BF0101AY),1992A,치료재료,1992A090,척추경막외 유착방지제,
99991231,20241126,BF0101BA,BF0101BA,"AMMI GUARD,GUARDIANWRAP,MEGABARRY, MCSHIELD (맥쉴드)","치료재료/척추경막외 유착방지제/AMMI GUARD,GUARDIANWRAP,MEGABARRY, MCSHIELD (맥쉴드)",1992A,치료재료,1992A090,척추경막외 유착방지제,
99991231,20241126,BF0101VT,BF0101VT,하이배리(HIBARRY),치료재료/척추경막외 유착방지제/하이배리(HIBARRY),1992A,치료재료,1992A090,척추경막외 유착방지제,
99991231,20241126,BF0101WC,BF0101WC,큐블럭(QBLOCK),치료재료/척추경막외 유착방지제/큐블럭(QBLOCK),1992A,치료재료,1992A090,척추경막외 유착방지제,
99991231,20241126,BF0103AY,BF0103AY,ADCON-GEL(BF0103AY),치료재료/척추경막외 유착방지제/ADCON-GEL(BF0103AY),1992A,치료재료,1992A090,척추경막외 유착방지제,
99991231,20241126,BM2101QT,BM2101QT,MEDICLORE,치료재료/척추경막외 유착방지제/MEDICLORE,1992A,치료재료,1992A090,척추경막외 유착방지제,
99991231,20241126,BM2103JO,BM2103JO,"GUARDIX-SP PLUS(가딕스-SP PLUS),BARRIX(배릭스)","치료재료/척추경막외 유착방지제/GUARDIX-SP PLUS(가딕스-SP PLUS),BARRIX(배릭스)",1992A,치료재료,1992A090,척추경막외 유착방지제,
99991231,20241126,BM2104JO,BM2104JO,"GUARDIX-SP(가딕스-SP),GUARDHEAL(가드힐)","치료재료/척추경막외 유착방지제/GUARDIX-SP(가딕스-SP),GUARDHEAL(가드힐)",1992A,치료재료,1992A090,척추경막외 유착방지제,
99991231,20241126,1992A100,1992A100,혈관내영상카테타,치료재료/혈관내영상카테타,1992A,치료재료,1992A100,혈관내영상카테타,
99991231,20241126,BJ4502JT,BJ4502JT,REVOLUTION CATHETER,치료재료/혈관내영상카테타/REVOLUTION CATHETER,1992A,치료재료,1992A100,혈관내영상카테타,
99991231,20241126,BJ4503BM,BJ4503BM,OPTICROSS CORONARY IMAGING CATHETER,치료재료/혈관내영상카테타/OPTICROSS CORONARY IMAGING CATHETER,1992A,치료재료,1992A100,혈관내영상카테타,
99991231,20241126,BJ4504BM,BJ4504BM,OPTICROSS 18 PERIPHERAL IMAGING CATHETER,치료재료/혈관내영상카테타/OPTICROSS 18 PERIPHERAL IMAGING CATHETER,1992A,치료재료,1992A100,혈관내영상카테타,
99991231,20241126,BJ4504JT,BJ4504JT,EAGLE EYE IVUS CATHETER,치료재료/혈관내영상카테타/EAGLE EYE IVUS CATHETER,1992A,치료재료,1992A100,혈관내영상카테타,
99991231,20241126,BJ4505BM,BJ4505BM,OPTICROSS HD CORONARY IMAGING CATHETER,치료재료/혈관내영상카테타/OPTICROSS HD CORONARY IMAGING CATHETER,1992A,치료재료,1992A100,혈관내영상카테타,
99991231,20241126,BJ4505JT,BJ4505JT,PV0.035 IVUS CATHETER ,치료재료/혈관내영상카테타/PV0.035 IVUS CATHETER ,1992A,치료재료,1992A100,혈관내영상카테타,
99991231,20241126,BJ4506JT,BJ4506JT,REFINITY ST ROTATIONAL IVUS CATHETER,치료재료/혈관내영상카테타/REFINITY ST ROTATIONAL IVUS CATHETER,1992A,치료재료,1992A100,혈관내영상카테타,
99991231,20241126,1992A110,1992A110,연골 결손 환자에서의 자가 골수 줄기 세포 치료술용,치료재료/연골 결손 환자에서의 자가 골수 줄기 세포 치료술용,1992A,치료재료,1992A110,연골 결손 환자에서의 자가 골수 줄기 세포 치료술용,
99991231,20241126,BL6050GH,BL6050GH,TRICELL BMC KIT,치료재료/연골 결손 환자에서의 자가 골수 줄기 세포 치료술용/TRICELL BMC KIT,1992A,치료재료,1992A110,연골 결손 환자에서의 자가 골수 줄기 세포 치료술용,
99991231,20250414,BL6050NP,BL6050NP,"BMC-R30, BMC-S30, BMC-P30, BMC-P10","치료재료/연골 결손 환자에서의 자가 골수 줄기 세포 치료술용/BMC-R30, BMC-S30, BMC-P30, BMC-P10",1992A,치료재료,1992A110,연골 결손 환자에서의 자가 골수 줄기 세포 치료술용,
99991231,20241126,BL6050QQ,BL6050QQ,CARTISEAL (카티씰),치료재료/연골 결손 환자에서의 자가 골수 줄기 세포 치료술용/CARTISEAL (카티씰),1992A,치료재료,1992A110,연골 결손 환자에서의 자가 골수 줄기 세포 치료술용,
99991231,20241126,BL6050RA,BL6050RA,ABMC KIT-A,치료재료/연골 결손 환자에서의 자가 골수 줄기 세포 치료술용/ABMC KIT-A,1992A,치료재료,1992A110,연골 결손 환자에서의 자가 골수 줄기 세포 치료술용,
99991231,20241126,BL6051BG,BL6051BG,BIOCUE CONCENTRATION SYSTEM,치료재료/연골 결손 환자에서의 자가 골수 줄기 세포 치료술용/BIOCUE CONCENTRATION SYSTEM,1992A,치료재료,1992A110,연골 결손 환자에서의 자가 골수 줄기 세포 치료술용,
99991231,20241126,BL6051FE,BL6051FE,"BMSC+3 60, BMSC+3 120","치료재료/연골 결손 환자에서의 자가 골수 줄기 세포 치료술용/BMSC+3 60, BMSC+3 120",1992A,치료재료,1992A110,연골 결손 환자에서의 자가 골수 줄기 세포 치료술용,
99991231,20241126,BL6051VY,BL6051VY,CHONDRO-GIDE,치료재료/연골 결손 환자에서의 자가 골수 줄기 세포 치료술용/CHONDRO-GIDE,1992A,치료재료,1992A110,연골 결손 환자에서의 자가 골수 줄기 세포 치료술용,
99991231,20241126,BL6053GH,BL6053GH,TRICELL BMC PRO,치료재료/연골 결손 환자에서의 자가 골수 줄기 세포 치료술용/TRICELL BMC PRO,1992A,치료재료,1992A110,연골 결손 환자에서의 자가 골수 줄기 세포 치료술용,
99991231,20241126,1992A120,1992A120,전립선 결찰술용 이식형 결찰사,치료재료/전립선 결찰술용 이식형 결찰사,1992A,치료재료,1992A120,전립선 결찰술용 이식형 결찰사,
99991231,20241126,BM2020BN,BM2020BN,UROLIFT SYSTEM,치료재료/전립선 결찰술용 이식형 결찰사/UROLIFT SYSTEM,1992A,치료재료,1992A120,전립선 결찰술용 이식형 결찰사,
99991231,20241126,1992A130,1992A130,시아노아크릴레이트를 이용한 복재정맥 폐색술용,치료재료/시아노아크릴레이트를 이용한 복재정맥 폐색술용,1992A,치료재료,1992A130,시아노아크릴레이트를 이용한 복재정맥 폐색술용,
99991231,20241126,BJ4321DU,BJ4321DU,VENASEAL CLOSURE SYSTEM,치료재료/시아노아크릴레이트를 이용한 복재정맥 폐색술용/VENASEAL CLOSURE SYSTEM,1992A,치료재료,1992A130,시아노아크릴레이트를 이용한 복재정맥 폐색술용,
99991231,20241126,1992A140,1992A140,기관지내시경초음파 가이드시스 KIT,치료재료/기관지내시경초음파 가이드시스 KIT,1992A,치료재료,1992A140,기관지내시경초음파 가이드시스 KIT,
99991231,20241126,BM0010LV,BM0010LV,GUIDE SHEATH KIT,치료재료/기관지내시경초음파 가이드시스 KIT/GUIDE SHEATH KIT,1992A,치료재료,1992A140,기관지내시경초음파 가이드시스 KIT,
99991231,20250414,BM0011LV,BM0011LV,GUIDE SHEATH KIT (생검브러쉬 미포함),치료재료/기관지내시경초음파 가이드시스 KIT/GUIDE SHEATH KIT (생검브러쉬 미포함),1992A,치료재료,1992A140,기관지내시경초음파 가이드시스 KIT,
99991231,20250414,BM0012LV,BM0012LV,GUIDE SHEATH KIT 2,치료재료/기관지내시경초음파 가이드시스 KIT/GUIDE SHEATH KIT 2,1992A,치료재료,1992A140,기관지내시경초음파 가이드시스 KIT,
99991231,20250414,BM0013LV,BM0013LV,GUIDE SHEATH KIT 2 (생검브러쉬 미포함),치료재료/기관지내시경초음파 가이드시스 KIT/GUIDE SHEATH KIT 2 (생검브러쉬 미포함),1992A,치료재료,1992A140,기관지내시경초음파 가이드시스 KIT,
99991231,20250414,1992A150,1992A150,재조합골형성단백질(RHBMP-2) 함유 골이식재,치료재료/재조합골형성단백질(RHBMP-2) 함유 골이식재,1992A,치료재료,1992A150,재조합골형성단백질(RHBMP-2) 함유 골이식재,
99991231,20250414,BC0300QT,BC0300QT,NOVOSIS INJECT ,치료재료/재조합골형성단백질(RHBMP-2) 함유 골이식재/NOVOSIS INJECT ,1992A,치료재료,1992A150,재조합골형성단백질(RHBMP-2) 함유 골이식재,
99991231,20250414,BC0301AW,BC0301AW,INFUSE RHBMP-2 BONE GRAFT,치료재료/재조합골형성단백질(RHBMP-2) 함유 골이식재/INFUSE RHBMP-2 BONE GRAFT,1992A,치료재료,1992A150,재조합골형성단백질(RHBMP-2) 함유 골이식재,
99991231,20250414,BC0301BU,BC0301BU,BIO BMP2,치료재료/재조합골형성단백질(RHBMP-2) 함유 골이식재/BIO BMP2,1992A,치료재료,1992A150,재조합골형성단백질(RHBMP-2) 함유 골이식재,
99991231,20250414,BC0301KJ,BC0301KJ,NOVOSIS DENT,치료재료/재조합골형성단백질(RHBMP-2) 함유 골이식재/NOVOSIS DENT,1992A,치료재료,1992A150,재조합골형성단백질(RHBMP-2) 함유 골이식재,
99991231,20250414,BC0301QT,BC0301QT,NOVOSIS,치료재료/재조합골형성단백질(RHBMP-2) 함유 골이식재/NOVOSIS,1992A,치료재료,1992A150,재조합골형성단백질(RHBMP-2) 함유 골이식재,
99991231,20250414,BC0301YJ,BC0301YJ,코웰BMP,치료재료/재조합골형성단백질(RHBMP-2) 함유 골이식재/코웰BMP,1992A,치료재료,1992A150,재조합골형성단백질(RHBMP-2) 함유 골이식재,
99991231,20250414,1992A160,1992A160,동종진피(IMPLANT용-유방재건술용 제외),치료재료/동종진피(IMPLANT용-유방재건술용 제외),1992A,치료재료,1992A160,동종진피(IMPLANT용-유방재건술용 제외),
99991231,20250414,BTS01013,BTS01013,CGDERM IMPLANT,치료재료/동종진피(IMPLANT용-유방재건술용 제외)/CGDERM IMPLANT,1992A,치료재료,1992A160,동종진피(IMPLANT용-유방재건술용 제외),
99991231,20250414,BTS01014,BTS01014,ALLOCOVER SLS,치료재료/동종진피(IMPLANT용-유방재건술용 제외)/ALLOCOVER SLS,1992A,치료재료,1992A160,동종진피(IMPLANT용-유방재건술용 제외),
99991231,20250414,BTS01016,BTS01016,IMPLANT ALLODERM(SELECT),치료재료/동종진피(IMPLANT용-유방재건술용 제외)/IMPLANT ALLODERM(SELECT),1992A,치료재료,1992A160,동종진피(IMPLANT용-유방재건술용 제외),
99991231,20250414,BTS01017,BTS01017,CELLUDERM POWER,치료재료/동종진피(IMPLANT용-유방재건술용 제외)/CELLUDERM POWER,1992A,치료재료,1992A160,동종진피(IMPLANT용-유방재건술용 제외),
99991231,20250414,BTS01018,BTS01018,FLEX HD,치료재료/동종진피(IMPLANT용-유방재건술용 제외)/FLEX HD,1992A,치료재료,1992A160,동종진피(IMPLANT용-유방재건술용 제외),
99991231,20250414,BTS01019,BTS01019,MEGADERM,치료재료/동종진피(IMPLANT용-유방재건술용 제외)/MEGADERM,1992A,치료재료,1992A160,동종진피(IMPLANT용-유방재건술용 제외),
99991231,20250414,BTS01023,BTS01023,TRANZGRAFT ACD (ACELLULAR DERMIS ALLOGRAFT TISSUE),치료재료/동종진피(IMPLANT용-유방재건술용 제외)/TRANZGRAFT ACD (ACELLULAR DERMIS ALLOGRAFT TISSUE),1992A,치료재료,1992A160,동종진피(IMPLANT용-유방재건술용 제외),
99991231,20250414,BTS01024,BTS01024,DERMACELL(MESHED/UNMESHED),치료재료/동종진피(IMPLANT용-유방재건술용 제외)/DERMACELL(MESHED/UNMESHED),1992A,치료재료,1992A160,동종진피(IMPLANT용-유방재건술용 제외),
99991231,20250414,BTS01025,BTS01025,ENDERM LINK,치료재료/동종진피(IMPLANT용-유방재건술용 제외)/ENDERM LINK,1992A,치료재료,1992A160,동종진피(IMPLANT용-유방재건술용 제외),
99991231,20250414,BTS01030,BTS01030,INTEGUPLY ACELLULAR DERMIS,치료재료/동종진피(IMPLANT용-유방재건술용 제외)/INTEGUPLY ACELLULAR DERMIS,1992A,치료재료,1992A160,동종진피(IMPLANT용-유방재건술용 제외),
99991231,20250414,BTS01031,BTS01031,ORACELL,치료재료/동종진피(IMPLANT용-유방재건술용 제외)/ORACELL,1992A,치료재료,1992A160,동종진피(IMPLANT용-유방재건술용 제외),
99991231,20250414,BTS01032,BTS01032,ALLOMEND ,치료재료/동종진피(IMPLANT용-유방재건술용 제외)/ALLOMEND ,1992A,치료재료,1992A160,동종진피(IMPLANT용-유방재건술용 제외),
99991231,20250414,BTS01045,BTS01045,SDERMFD-IMPLANT,치료재료/동종진피(IMPLANT용-유방재건술용 제외)/SDERMFD-IMPLANT,1992A,치료재료,1992A160,동종진피(IMPLANT용-유방재건술용 제외),
99991231,20250414,BTS01074,BTS01074,GLYADERM,치료재료/동종진피(IMPLANT용-유방재건술용 제외)/GLYADERM,1992A,치료재료,1992A160,동종진피(IMPLANT용-유방재건술용 제외),
99991231,20250414,BTS01079,BTS01079,MYDERM IMPLANT,치료재료/동종진피(IMPLANT용-유방재건술용 제외)/MYDERM IMPLANT,1992A,치료재료,1992A160,동종진피(IMPLANT용-유방재건술용 제외),
99991231,20250414,BTS01097,BTS01097,SCDERM IMPLANT,치료재료/동종진피(IMPLANT용-유방재건술용 제외)/SCDERM IMPLANT,1992A,치료재료,1992A160,동종진피(IMPLANT용-유방재건술용 제외),
99991231,20250414,BTS01113,BTS01113,CGCRYODERM - IMPLANT,치료재료/동종진피(IMPLANT용-유방재건술용 제외)/CGCRYODERM - IMPLANT,1992A,치료재료,1992A160,동종진피(IMPLANT용-유방재건술용 제외),
99991231,20250414,BTS01114,BTS01114,ALLOCOVER HAD,치료재료/동종진피(IMPLANT용-유방재건술용 제외)/ALLOCOVER HAD,1992A,치료재료,1992A160,동종진피(IMPLANT용-유방재건술용 제외),
99991231,20250414,BTS01115,BTS01115,CGDERM ONE-STEP,치료재료/동종진피(IMPLANT용-유방재건술용 제외)/CGDERM ONE-STEP,1992A,치료재료,1992A160,동종진피(IMPLANT용-유방재건술용 제외),
99991231,20250414,BTS01117,BTS01117,CELLUDERM ULTRA,치료재료/동종진피(IMPLANT용-유방재건술용 제외)/CELLUDERM ULTRA,1992A,치료재료,1992A160,동종진피(IMPLANT용-유방재건술용 제외),
99991231,20250414,BTS01125,BTS01125,ENDERM LINK D,치료재료/동종진피(IMPLANT용-유방재건술용 제외)/ENDERM LINK D,1992A,치료재료,1992A160,동종진피(IMPLANT용-유방재건술용 제외),
99991231,20250414,BTS01131,BTS01131,ARTHROFLEX,치료재료/동종진피(IMPLANT용-유방재건술용 제외)/ARTHROFLEX,1992A,치료재료,1992A160,동종진피(IMPLANT용-유방재건술용 제외),
99991231,20250414,BTS01145,BTS01145,SDERMCP-IMPLANT,치료재료/동종진피(IMPLANT용-유방재건술용 제외)/SDERMCP-IMPLANT,1992A,치료재료,1992A160,동종진피(IMPLANT용-유방재건술용 제외),
99991231,20250414,BTS01179,BTS01179,MYDERM OASIS,치료재료/동종진피(IMPLANT용-유방재건술용 제외)/MYDERM OASIS,1992A,치료재료,1992A160,동종진피(IMPLANT용-유방재건술용 제외),
99991231,20250414,BTS01197,BTS01197,SCDERM MATRIX IMPLANT,치료재료/동종진피(IMPLANT용-유방재건술용 제외)/SCDERM MATRIX IMPLANT,1992A,치료재료,1992A160,동종진피(IMPLANT용-유방재건술용 제외),
99991231,20250414,BTS01213,BTS01213,ALLOMEND,치료재료/동종진피(IMPLANT용-유방재건술용 제외)/ALLOMEND,1992A,치료재료,1992A160,동종진피(IMPLANT용-유방재건술용 제외),
99991231,20250414,BTS01214,BTS01214,ALLOCOVER SDC,치료재료/동종진피(IMPLANT용-유방재건술용 제외)/ALLOCOVER SDC,1992A,치료재료,1992A160,동종진피(IMPLANT용-유방재건술용 제외),
99991231,20250414,BTS01217,BTS01217,CELLUDERM HD IMPLANT,치료재료/동종진피(IMPLANT용-유방재건술용 제외)/CELLUDERM HD IMPLANT,1992A,치료재료,1992A160,동종진피(IMPLANT용-유방재건술용 제외),
99991231,20250414,BTS01225,BTS01225,WITHDERM,치료재료/동종진피(IMPLANT용-유방재건술용 제외)/WITHDERM,1992A,치료재료,1992A160,동종진피(IMPLANT용-유방재건술용 제외),
99991231,20250414,BTS01245,BTS01245,SDERMHD-IMPLANT,치료재료/동종진피(IMPLANT용-유방재건술용 제외)/SDERMHD-IMPLANT,1992A,치료재료,1992A160,동종진피(IMPLANT용-유방재건술용 제외),
99991231,20250414,BTS01313,BTS01313,CGDERM MATRIX - IMPLANT,치료재료/동종진피(IMPLANT용-유방재건술용 제외)/CGDERM MATRIX - IMPLANT,1992A,치료재료,1992A160,동종진피(IMPLANT용-유방재건술용 제외),
99991231,20250414,BTS01314,BTS01314,"SUREDERM (슈어덤), SUREDERM UROMAX (슈어덤 유로맥스)","치료재료/동종진피(IMPLANT용-유방재건술용 제외)/SUREDERM (슈어덤), SUREDERM UROMAX (슈어덤 유로맥스)",1992A,치료재료,1992A160,동종진피(IMPLANT용-유방재건술용 제외),
99991231,20250414,BTS01414,BTS01414,"BELLACELL HD(벨라셀 에이치디), SUREDERM HD(슈어덤 에이치디), SUREDERM HD UROMAX(슈어덤 에이치디유로맥스), BELLACELL HD R(벨라셀 에이치디 알), SUREDERM UROMAX GOLD(슈어덤 유로맥스 골드)","치료재료/동종진피(IMPLANT용-유방재건술용 제외)/BELLACELL HD(벨라셀 에이치디), SUREDERM HD(슈어덤 에이치디), SUREDERM HD UROMAX(슈어덤 에이치디유로맥스), BELLACELL HD R(벨라셀 에이치디 알), SUREDERM UROMAX GOLD(슈어덤 유로맥스 골드)",1992A,치료재료,1992A160,동종진피(IMPLANT용-유방재건술용 제외),
99991231,20241126,1992B,1992B,보장구,보장구,1992B,보장구,1992B,보장구,
99991231,20241126,1992B010,1992B010,굴절교정렌즈,보장구/굴절교정렌즈,1992B,보장구,1992B010,굴절교정렌즈,
99991231,20241126,4Z0440101,4Z0440101,CONTEX OK™,보장구/굴절교정렌즈/CONTEX OK™,1992B,보장구,1992B010,굴절교정렌즈,
99991231,20241126,4Z0440201,4Z0440201,Euclid Systems Orthokeratology(oprifocon A) Contact Lens For Overnight Wear,보장구/굴절교정렌즈/Euclid Systems Orthokeratology(oprifocon A) Contact Lens For Overnight Wear,1992B,보장구,1992B010,굴절교정렌즈,
99991231,20241126,4Z0440301,4Z0440301,Ortho-K LK®-Lens,보장구/굴절교정렌즈/Ortho-K LK®-Lens,1992B,보장구,1992B010,굴절교정렌즈,
99991231,20241126,4Z0440302,4Z0440302,Ortho-K LK®-Lens PREMIER,보장구/굴절교정렌즈/Ortho-K LK®-Lens PREMIER,1992B,보장구,1992B010,굴절교정렌즈,
99991231,20241126,4Z0440303,4Z0440303,Ortho-K LK-Lens Toric PREMIER,보장구/굴절교정렌즈/Ortho-K LK-Lens Toric PREMIER,1992B,보장구,1992B010,굴절교정렌즈,
99991231,20241126,4Z0440401,4Z0440401,Paragon CRT 100,보장구/굴절교정렌즈/Paragon CRT 100,1992B,보장구,1992B010,굴절교정렌즈,
99991231,20241126,4Z0440402,4Z0440402,Paragon CRT 100 Dual Axis,보장구/굴절교정렌즈/Paragon CRT 100 Dual Axis,1992B,보장구,1992B010,굴절교정렌즈,
99991231,20241126,4Z0440601,4Z0440601,α Ortho-K,보장구/굴절교정렌즈/α Ortho-K,1992B,보장구,1992B010,굴절교정렌즈,
99991231,20241126,4Z0440701,4Z0440701,White OK,보장구/굴절교정렌즈/White OK,1992B,보장구,1992B010,굴절교정렌즈,
99991231,20241126,4Z0440801,4Z0440801,Vision,보장구/굴절교정렌즈/Vision,1992B,보장구,1992B010,굴절교정렌즈,
99991231,20241126,4Z0440901,4Z0440901,myOK,보장구/굴절교정렌즈/myOK,1992B,보장구,1992B010,굴절교정렌즈,
99991231,20250414,4Z0441001,4Z0441001,FARGO 100,보장구/굴절교정렌즈/FARGO 100,1992B,보장구,1992B010,굴절교정렌즈,
99991231,20241126,1993A,1993A,제증명수수료,제증명수수료,1993A,제증명수수료,1993A,제증명수수료,
99991231,20241126,1993A010,1993A010,진단서,제증명수수료/진단서,1993A,제증명수수료,1993A010,진단서,
99991231,20241126,PDZ010000,PDZ010000,일반,제증명수수료/진단서/일반,1993A,제증명수수료,1993A010,진단서,
99991231,20241126,PDZ010001,PDZ010001,건강,제증명수수료/진단서/건강,1993A,제증명수수료,1993A010,진단서,
99991231,20241126,PDZ010002,PDZ010002,근로능력평가용,제증명수수료/진단서/근로능력평가용,1993A,제증명수수료,1993A010,진단서,
99991231,20241126,PDZ030000,1993A020,사망진단서,제증명수수료/사망진단서,1993A,제증명수수료,1993A020,사망진단서,
99991231,20241126,1993A030,1993A030,장애 정도 심사용 진단서,제증명수수료/장애 정도 심사용 진단서,1993A,제증명수수료,1993A030,장애 정도 심사용 진단서,
99991231,20241126,PDZ070001,PDZ070001,신체적장애,제증명수수료/장애 정도 심사용 진단서/신체적장애,1993A,제증명수수료,1993A030,장애 정도 심사용 진단서,
99991231,20241126,PDZ070002,PDZ070002,정신적장애,제증명수수료/장애 정도 심사용 진단서/정신적장애,1993A,제증명수수료,1993A030,장애 정도 심사용 진단서,
99991231,20241126,PDZ070003,1993A040,후유장애진단서,제증명수수료/후유장애진단서,1993A,제증명수수료,1993A040,후유장애진단서,
99991231,20241126,PDZ080000,1993A050,병무용진단서,제증명수수료/병무용진단서,1993A,제증명수수료,1993A050,병무용진단서,
99991231,20241126,PDZ100000,1993A060,국민연금 장애 심사용 진단서,제증명수수료/국민연금 장애 심사용 진단서,1993A,제증명수수료,1993A060,국민연금 장애 심사용 진단서,
99991231,20241126,1993A070,1993A070,상해진단서,제증명수수료/상해진단서,1993A,제증명수수료,1993A070,상해진단서,
99991231,20241126,PDZ020001,PDZ020001,3주 미만,제증명수수료/상해진단서/3주 미만,1993A,제증명수수료,1993A070,상해진단서,
99991231,20241126,PDZ020002,PDZ020002,3주 이상,제증명수수료/상해진단서/3주 이상,1993A,제증명수수료,1993A070,상해진단서,
99991231,20241126,1993A080,1993A080,영문진단서,제증명수수료/영문진단서,1993A,제증명수수료,1993A080,영문진단서,
99991231,20241126,PDE010001,PDE010001,일반,제증명수수료/영문진단서/일반,1993A,제증명수수료,1993A080,영문진단서,
99991231,20241126,1993A090,1993A090,확인서,제증명수수료/확인서,1993A,제증명수수료,1993A090,확인서,
99991231,20241126,PDZ090002,PDZ090002,입퇴원,제증명수수료/확인서/입퇴원,1993A,제증명수수료,1993A090,확인서,
99991231,20241126,PDZ090004,PDZ090004,통원,제증명수수료/확인서/통원,1993A,제증명수수료,1993A090,확인서,
99991231,20241126,PDZ090007,PDZ090007,진료,제증명수수료/확인서/진료,1993A,제증명수수료,1993A090,확인서,
99991231,20241126,1993A100,1993A100,향후진료비추정서,제증명수수료/향후진료비추정서,1993A,제증명수수료,1993A100,향후진료비추정서,
99991231,20241126,PDZ140001,PDZ140001,천만원 미만,제증명수수료/향후진료비추정서/천만원 미만,1993A,제증명수수료,1993A100,향후진료비추정서,
99991231,20241126,PDZ140002,PDZ140002,천만원 이상,제증명수수료/향후진료비추정서/천만원 이상,1993A,제증명수수료,1993A100,향후진료비추정서,
99991231,20241126,PDZ060000,1993A110,출생증명서,제증명수수료/출생증명서,1993A,제증명수수료,1993A110,출생증명서,
99991231,20241126,PDZ040000,1993A120,시체검안서,제증명수수료/시체검안서,1993A,제증명수수료,1993A120,시체검안서,
99991231,20241126,PDZ170000,1993A130,장애인증명서,제증명수수료/장애인증명서,1993A,제증명수수료,1993A130,장애인증명서,
99991231,20241126,PDZ050000,1993A140,사산(사태)증명서,제증명수수료/사산(사태)증명서,1993A,제증명수수료,1993A140,사산(사태)증명서,
99991231,20241126,PDZ150000,1993A150,입원사실 증명서,제증명수수료/입원사실 증명서,1993A,제증명수수료,1993A150,입원사실 증명서,
99991231,20241126,1993A160,1993A160,채용신체 검사서,제증명수수료/채용신체 검사서,1993A,제증명수수료,1993A160,채용신체 검사서,
99991231,20241126,PDZ010003,PDZ010003,공무원,제증명수수료/채용신체 검사서/공무원,1993A,제증명수수료,1993A160,채용신체 검사서,
99991231,20241126,PDZ010004,PDZ010004,일반,제증명수수료/채용신체 검사서/일반,1993A,제증명수수료,1993A160,채용신체 검사서,
99991231,20241126,1993A170,1993A170,진료기록사본,제증명수수료/진료기록사본,1993A,제증명수수료,1993A170,진료기록사본,
99991231,20241126,PDZ110101,PDZ110101,1~5매,제증명수수료/진료기록사본/1~5매,1993A,제증명수수료,1993A170,진료기록사본,
99991231,20241126,PDZ110102,PDZ110102,6매 이상,제증명수수료/진료기록사본/6매 이상,1993A,제증명수수료,1993A170,진료기록사본,
99991231,20241126,1993A180,1993A180,진료기록영상,제증명수수료/진료기록영상,1993A,제증명수수료,1993A180,진료기록영상,
99991231,20241126,PDZ110003,PDZ110003,필름,제증명수수료/진료기록영상/필름,1993A,제증명수수료,1993A180,진료기록영상,
99991231,20241126,PDZ110004,PDZ110004,CD,제증명수수료/진료기록영상/CD,1993A,제증명수수료,1993A180,진료기록영상,
99991231,20241126,PDZ110005,PDZ110005,DVD,제증명수수료/진료기록영상/DVD,1993A,제증명수수료,1993A180,진료기록영상,
99991231,20241126,PDZ110006,PDZ110006,USB,제증명수수료/진료기록영상/USB,1993A,제증명수수료,1993A180,진료기록영상,
99991231,20241126,PDZ160000,1993A190,제증명서 사본,제증명수수료/제증명서 사본,1993A,제증명수수료,1993A190,제증명서 사본,
